authored_on,commit_sha,committed_on,detection,engine,ev_id,event_type,from_config_version,from_minor,minor_distance,minors_skipped,on_default_branch,parent_sha,path,repo_id,schema,subject,subject_names_engine,subject_names_migration,subject_names_version,to_config_version,to_minor,to_minor_released_on,v
2020-06-03,83d8cb77616aa58fe2c540f1ce91e51338c7f95f,2020-06-03,content-at-commit,godot,0b23021ed5d8,initial,,,,,True,64a5efc512dc0f43f317531e47e090422f5934db,godot/project.godot,gdquest-demos/godot-4-procedural-generation,version_events,Add Random Walker generator,False,False,False,4,,,0.1
2021-01-12,ffe535faf79059a82b94f77f22c5449f04182544,2021-01-12,content-at-commit,godot,0b23021ed5d8,initial,,,,,True,d5ce128e2a0b69ac5307cecd09ac7be3d7652fd0,start-project/project.godot,gdquest-demos/godot-4-procedural-generation,version_events,Add start project,False,False,False,4,,,0.1
2023-05-02,c36b4e21519dc4b726d2f7cc83b76699749bb577,2023-05-02,content-at-commit,godot,0b23021ed5d8,initial,,,,,True,4eaa9d5c4b3fa8609bf8aa98e3334856dc21f9f1,godot3/project.godot,gdquest-demos/godot-4-procedural-generation,version_events,feat: port project to Godot 4,True,True,True,4,,,0.1
2023-05-02,c36b4e21519dc4b726d2f7cc83b76699749bb577,2023-05-02,content-at-commit,godot,0b23021ed5d8,initial,,,,,True,4eaa9d5c4b3fa8609bf8aa98e3334856dc21f9f1,godot4/project.godot,gdquest-demos/godot-4-procedural-generation,version_events,feat: port project to Godot 4,True,True,True,5,4.0,2023-03-01,0.1
2026-06-26,19c98cee16ed18e642b3ce178f4c649d56b334b2,2026-06-26,content-at-commit,godot,0b23021ed5d8,minor_upgrade,5,4.0,8,7,True,9578bdb0709741ad40a4f1a8996db2497743c3ef,godot4/project.godot,gdquest-demos/godot-4-procedural-generation,version_events,chore: prepare to split assets,False,False,False,5,4.7,2026-06-18,0.1
2020-06-27,330e795ca634011a6b6c57dc47fd261589542573,2020-06-27,content-at-commit,godot,0b23021ed5d8,initial,,,,,True,83076682619ab0cf86f830d51620351c8a80b415,game/project.godot,drwhut/tabletop-club,version_events,"Created Godot project, added moveable camera functionality.",True,False,False,4,,,0.1
2025-01-11,afd94348895caeea951604fbee9e05f7d2e5d8aa,2025-01-11,content-at-commit,godot,0b23021ed5d8,initial,,,,,False,0706f21e58506eec830ea2a53608c7e16522fbe9,game/godot3/project.godot,drwhut/tabletop-club,version_events,Moving all Godot 3 files into a separate folder.,True,False,True,4,,,0.1
2025-01-11,a716a12e9f6e7ad398485417648fbb58c524d028,2025-01-11,content-at-commit,godot,0b23021ed5d8,initial,,,,,False,afd94348895caeea951604fbee9e05f7d2e5d8aa,game/project.godot,drwhut/tabletop-club,version_events,Created a new Godot 4 project for Tabletop Club.,True,False,True,5,4.3,2024-08-15,0.1
2017-06-12,a01f0e457aaae5271c96468a0917804b9199a076,2017-06-12,content-at-commit,godot,0b23021ed5d8,initial,,,,,True,436803c3fbb0f0069919293c1e0c9cda713ea3cf,examples/pong/project.godot,touilleMan/godot-python,version_events,Add pong&pong_multiplayer examples,False,False,False,3,,,0.1
2017-06-12,a01f0e457aaae5271c96468a0917804b9199a076,2017-06-12,content-at-commit,godot,0b23021ed5d8,initial,,,,,True,436803c3fbb0f0069919293c1e0c9cda713ea3cf,examples/pong_multiplayer/project.godot,touilleMan/godot-python,version_events,Add pong&pong_multiplayer examples,False,False,False,3,,,0.1
2017-08-06,cfd0228b9ac53af9ea8d90c5fd3e7938b86fb01f,2017-08-06,content-at-commit,godot,0b23021ed5d8,initial,,,,,True,d1333b8dc4c69d107232289a2ea25d1bb33e54f0,tests/bindings/project.godot,touilleMan/godot-python,version_events,Correct tests/bindings/project.godot,False,False,False,3,,,0.1
2017-08-11,918a319057188e9c4e044296c19a8ba019b5ca93,2017-08-13,content-at-commit,godot,0b23021ed5d8,initial,,,,,True,c8ea436e30d438d34de8057301b609b289fe2a04,tests/work_with_gdscript/project.godot,touilleMan/godot-python,version_events,Improve tests/work_with_gdscript,False,False,False,3,,,0.1
2018-04-14,b1f4922b0a5210a72b9701ccb204a1fb931d7bb4,2018-04-14,content-at-commit,godot,0b23021ed5d8,initial,,,,,False,6b63b67835436988435bcb08dddfbb8d72850e70,tests/minimal/project.godot,touilleMan/godot-python,version_events,Add tests/minimal and set it as default test,False,False,False,3,,,0.1
2019-03-24,dae987e76d1400111e0a21599ceebb7bf36d9da7,2019-03-24,content-at-commit,godot,0b23021ed5d8,initial,,,,,True,955892280d7b44d79e70f52efb9ecbc46ec66e7e,tests/helloworld/project.godot,touilleMan/godot-python,version_events,"Build is working, add helloworld tests",False,False,False,3,,,0.1
2019-12-16,1d504554202a995d68f5f1246036feafad9579f3,2019-12-16,content-at-commit,godot,0b23021ed5d8,major_migration,3,,,,True,8fa565f3a4ba204b4361696a9cfe1ba5f9a2ad98,examples/pong/project.godot,touilleMan/godot-python,version_events,Update examples/pong project files,False,False,False,4,,,0.1
2020-01-25,494efe16a928aa7f3a455eca66431ed15461833e,2020-01-25,content-at-commit,godot,0b23021ed5d8,major_migration,3,,,,True,954e43bee3e4aa5b6bc2aa566aaada4ca46d672b,tests/bindings/project.godot,touilleMan/godot-python,version_events,Update tests/bindings/project.godot to format v4,False,False,False,4,,,0.1
2020-05-12,7f0d27fe5351fb2c9ba71700068be3d985f80129,2020-05-12,content-at-commit,godot,0b23021ed5d8,initial,,,,,True,21cfdb9893b1dcf83e6d91af82a435b104de13fd,tests/threading/project.godot,touilleMan/godot-python,version_events,Release GIL on main thread after initialization; move threading testes to another godot project,True,False,False,4,,,0.1
2020-10-06,cee3056ae3c1372fc0fc4e89b5193a60789dab64,2020-10-06,content-at-commit,godot,0b23021ed5d8,initial,,,,,True,ca41a90b4edc57926753fa452f0302c24eebe73e,tests/global_constants/project.godot,touilleMan/godot-python,version_events,Fix support for godot.globals,True,False,False,4,,,0.1
2021-12-11,e91ea6dc9b740d7dd193e54ccc6974aa9447a016,2022-02-05,content-at-commit,godot,0b23021ed5d8,initial,,,,,False,76ac0577dd1ea48bb6becd8ad6da5c01fab4a3d6,tests/pythonscript4_poc/project.godot,touilleMan/godot-python,version_events,[wip] Rework build system with isengard,False,False,False,5,4.0,2023-03-01,0.1
2022-03-27,121bee7bdc0d646fb481f8b6a17d855f192c4e03,2022-03-27,content-at-commit,godot,0b23021ed5d8,major_migration,3,,,,False,1d3be87c779dd48269a3dd29cdcf5f8565a2c697,tests/helloworld/project.godot,touilleMan/godot-python,version_events,wip,False,False,False,5,4.0,2023-03-01,0.1
2023-01-01,5a7c5bb0fd95cef3e643067d7fc58d0d473ffd7f,2023-01-01,content-at-commit,godot,0b23021ed5d8,initial,,,,,False,31d73204b502fe94778b43a9caa4c3f30248ac0c,tests/1-cython-access-gdextension/project.godot,touilleMan/godot-python,version_events,Add 1-cython-access-gdextension test case,False,False,False,5,4.0,2023-03-01,0.1
2023-01-08,aabbc229a7ebee7199900dd7de023d350bbb9dc6,2023-01-08,content-at-commit,godot,0b23021ed5d8,initial,,,,,False,9f9353bd013d0c8a68b5f4a1c99aa74f7f65beed,tests/0-pythonscript-init/project.godot,touilleMan/godot-python,version_events,Add tests/0-pythonscript-init,False,False,False,5,4.0,2023-03-01,0.1
2023-01-14,3ffa7bac4ab5179330a413cbd17296f41291b292,2023-01-14,content-at-commit,godot,0b23021ed5d8,initial,,,,,False,e14d55b5dfae6202a6ffe3023c747c77e5396874,tests/0-gdscript/project.godot,touilleMan/godot-python,version_events,Add tests/0-gdscript test,False,False,False,5,4.0,2023-03-01,0.1
2023-01-14,dd9acc72137fc533cd67f0765ef2439329c60020,2023-01-14,content-at-commit,godot,0b23021ed5d8,initial,,,,,False,3ffa7bac4ab5179330a413cbd17296f41291b292,tests/1-gdextension/project.godot,touilleMan/godot-python,version_events,Add tests/1-gdextension test,False,False,False,5,4.0,2023-03-01,0.1
2023-01-14,769327bf2e8ec1409864a5783199182f9b5a4b21,2023-01-14,content-at-commit,godot,0b23021ed5d8,initial,,,,,False,0b385552e6530d64f96d6bb72465502b9283f268,tests/2-pythonscript-init/project.godot,touilleMan/godot-python,version_events,Add tests/2-pythonscript-init/,False,False,False,5,4.0,2023-03-01,0.1
2023-04-09,f2c09ae937dd53634c98fc9309d10209138d9577,2023-04-09,content-at-commit,godot,0b23021ed5d8,initial,,,,,False,60caf7b2529ceadc5ccf4985b16848ddf026ad13,tests/3-pythonscript-cython-only/project.godot,touilleMan/godot-python,version_events,Add tests/3-pythonscript-cython-only,False,False,False,5,4.0,2023-03-01,0.1
2025-02-09,a4e21d29070743e8b7f7b5419db5ee6820636a55,2025-02-09,content-at-commit,godot,0b23021ed5d8,initial,,,,,False,ba8be1b6b0f1545f30c5fc53b04eadc594a86b55,tests/2-init-with-python-hook/project.godot,touilleMan/godot-python,version_events,Improve tests organization,False,False,False,5,4.0,2023-03-01,0.1
2025-02-09,a4e21d29070743e8b7f7b5419db5ee6820636a55,2025-02-09,content-at-commit,godot,0b23021ed5d8,initial,,,,,False,ba8be1b6b0f1545f30c5fc53b04eadc594a86b55,tests/3-init-with-cython-hook/project.godot,touilleMan/godot-python,version_events,Improve tests organization,False,False,False,5,4.0,2023-03-01,0.1
2025-04-03,f0ddcc2d7a135ccf6864c12ab3b4f1787d3feeb9,2025-04-03,content-at-commit,godot,0b23021ed5d8,initial,,,,,False,aa56bf0c4d26ac14be9bb36eaea65c09621a0408,tests/6-expose-python-to-godot/project.godot,touilleMan/godot-python,version_events,Add tests/6-expose-python-to-godot/,True,False,False,5,4.0,2023-03-01,0.1
2025-07-23,2e33f99b2552fbf7d295d4cfd9d46a46010260b8,2025-07-24,content-at-commit,godot,0b23021ed5d8,minor_upgrade,5,4.0,5,4,False,76b336e96ac61c2d10cd67e6c2ae6bd3b116fbd8,tests/0-gdscript/project.godot,touilleMan/godot-python,version_events,Update tests projects to Godot 4.4 format,True,False,True,5,4.4,2025-03-03,0.1
2025-07-23,2e33f99b2552fbf7d295d4cfd9d46a46010260b8,2025-07-24,content-at-commit,godot,0b23021ed5d8,minor_upgrade,5,4.0,5,4,False,76b336e96ac61c2d10cd67e6c2ae6bd3b116fbd8,tests/1-gdextension/project.godot,touilleMan/godot-python,version_events,Update tests projects to Godot 4.4 format,True,False,True,5,4.4,2025-03-03,0.1
2025-07-23,2e33f99b2552fbf7d295d4cfd9d46a46010260b8,2025-07-24,content-at-commit,godot,0b23021ed5d8,minor_upgrade,5,4.0,5,4,False,76b336e96ac61c2d10cd67e6c2ae6bd3b116fbd8,tests/3-init-with-cython-hook/project.godot,touilleMan/godot-python,version_events,Update tests projects to Godot 4.4 format,True,False,True,5,4.4,2025-03-03,0.1
2025-08-14,1bd11e4404b801217214df2b537d29638fb6cd4f,2025-08-14,content-at-commit,godot,0b23021ed5d8,minor_upgrade,5,4.0,5,4,False,75a0ff74ebe742d0e36b466cc603a8fc892932b0,tests/2-init-with-python-hook/project.godot,touilleMan/godot-python,version_events,Update test 2 project format to Godot 4.4,True,False,True,5,4.4,2025-03-03,0.1
2025-08-15,02f0da0509d72f6ea29b3a7239e0d4aedfeb76be,2025-08-15,content-at-commit,godot,0b23021ed5d8,initial,,,,,False,c02b0a38f7652ee2e8fdbf7bffd4744a49b255fb,tests/4-use-godot-from-python/project.godot,touilleMan/godot-python,version_events,Add minimal `tests/4-use-godot-from-python/`,True,False,False,5,4.4,2025-03-03,0.1
2026-01-25,068aae8c1681f2494b569b3b5c3d5fee125c3795,2026-01-25,content-at-commit,godot,0b23021ed5d8,major_migration,4,,,,False,2631db004b5116169ae67b3f308b46c757fa4b52,examples/pong/project.godot,touilleMan/godot-python,version_events,Update `example/pong` for Godot 4,True,False,True,5,4.4,2025-03-03,0.1
2026-02-25,4f585652a76d3161a5beca4b41559eeb940fcf1d,2026-02-26,content-at-commit,godot,0b23021ed5d8,initial,,,,,False,7de0a4a3d52a3e564dbc43265d1e355a855d37e5,examples/benchmark/project.godot,touilleMan/godot-python,version_events,Add `examples/benchmark`,False,False,False,5,4.4,2025-03-03,0.1
2020-01-29,2ceb1eeb893fed942a403f97bd6f392c1f9797b9,2020-01-29,content-at-commit,godot,0b23021ed5d8,initial,,,,,True,,project.godot,git-learning-game/oh-my-git,version_events,Basic project with export Makefile,False,False,False,4,,,0.1
2023-09-06,ba4e8ec26c9e9e98ee36be80ae70bb00242a1f6d,2023-09-06,content-at-commit,godot,0b23021ed5d8,major_migration,4,,,,False,ce9fcda7735ac6ba32a72cc75f1a5f07a8c0a429,project.godot,git-learning-game/oh-my-git,version_events,Upgrade to Godot 4.1,True,True,True,5,4.1,2023-07-06,0.1
2018-02-17,27d16eafcf41b4fd8e3288e199e2bc5a9234e540,2018-02-18,content-at-commit,godot,0b23021ed5d8,initial,,,,,True,1ac5817e68107f4a89036c2b43964aee17536190,test/project/project.godot,godot-rust/gdnative,version_events,Experiment with a way to test the bindings.,False,False,False,3,,,0.1
2018-03-30,80d73a68abee4fac2f4aeb5b90c54f2cd48ef273,2018-03-30,content-at-commit,godot,0b23021ed5d8,initial,,,,,True,cfbb1dfd16c2744c364faa7b0dcdd56049d6f367,examples/hello_world/project.godot,godot-rust/gdnative,version_events,add hello_world example,False,False,False,3,,,0.1
2018-03-30,c5912ea3c7bdea5c7e66b164b82b8b54e38edf4e,2018-05-02,content-at-commit,godot,0b23021ed5d8,initial,,,,,True,45c49d670d7d9f969e7db6c23c1893c1b4c294e8,examples/low_level_registering/project.godot,godot-rust/gdnative,version_events,initial low level registering,False,False,False,3,,,0.1
2018-03-30,bbaac6e2e06378c0144b8e28edace199bc004542,2018-03-30,content-at-commit,godot,0b23021ed5d8,initial,,,,,True,80d73a68abee4fac2f4aeb5b90c54f2cd48ef273,examples/misc_mesh_playground/project.godot,godot-rust/gdnative,version_events,add misc_mesh_playground example,False,False,False,3,,,0.1
2018-05-10,e080a7cd96cc27f5a58ff0577f52ae8fcac98226,2018-05-10,content-at-commit,godot,0b23021ed5d8,initial,,,,,True,4c9422244afa31c344d1246b5bcb676a714e1b49,examples/manually_registered/project.godot,godot-rust/gdnative,version_events,Rename the examples.,False,False,False,3,,,0.1
2018-05-10,e080a7cd96cc27f5a58ff0577f52ae8fcac98226,2018-05-10,content-at-commit,godot,0b23021ed5d8,initial,,,,,True,4c9422244afa31c344d1246b5bcb676a714e1b49,examples/spinning_cube/project.godot,godot-rust/gdnative,version_events,Rename the examples.,False,False,False,3,,,0.1
2019-03-16,24069a0d78fc047ecdd16b0b018ab5189e385403,2019-03-16,content-at-commit,godot,0b23021ed5d8,major_migration,3,,,,True,cb917a789156655735911d36ffdd305b490e994f,examples/hello_world/project.godot,godot-rust/gdnative,version_events,update examples to 3.1 and new macros,False,False,True,4,,,0.1
2019-03-16,24069a0d78fc047ecdd16b0b018ab5189e385403,2019-03-16,content-at-commit,godot,0b23021ed5d8,major_migration,3,,,,True,cb917a789156655735911d36ffdd305b490e994f,examples/spinning_cube/project.godot,godot-rust/gdnative,version_events,update examples to 3.1 and new macros,False,False,True,4,,,0.1
2019-06-21,144cbcbb7873e687116bc16f90e40c6c39ee6a2e,2019-06-21,content-at-commit,godot,0b23021ed5d8,initial,,,,,True,784fc7ba46c55e64787323031551ea147de0a82e,examples/scene_create/project.godot,godot-rust/gdnative,version_events,Straight duplicate of existing example,False,False,False,4,,,0.1
2019-08-25,0cc84e83663f3454e15cba9165eb525374ebc844,2020-01-01,content-at-commit,godot,0b23021ed5d8,initial,,,,,True,01af5b1fd951f15bcf8b3a4d5047c18aae5ae2d0,examples/signals/project.godot,godot-rust/gdnative,version_events,added 'signals' demo,False,False,False,4,,,0.1
2020-04-12,d6b398ecc105b93f4e26ca77217a72d7bd4125f7,2020-04-12,content-at-commit,godot,0b23021ed5d8,initial,,,,,True,86f8ed9a76ae0d813ea1e31ab6e27814db379e20,examples/dodge_the_creeps/project.godot,godot-rust/gdnative,version_events,Dodge example (#278),False,False,False,4,,,0.1
2020-08-08,db6665a905d4cc50130208e358cc83d32f27b85c,2020-08-08,content-at-commit,godot,0b23021ed5d8,initial,,,,,True,65bd085f28bc33d3b205bcd3bcdb7a9fdceea66a,examples/resource/project.godot,godot-rust/gdnative,version_events,Add example with usage of resources,False,False,False,4,,,0.1
2020-10-10,e77f82b202ea61c679b6f4d9b44904105e5f3d1b,2020-10-10,content-at-commit,godot,0b23021ed5d8,major_migration,3,,,,True,dfadfe1e19d11c7de40724a98d002913f77f6722,test/project/project.godot,godot-rust/gdnative,version_events,Made Instance::new use NativeScript::new instead,False,False,False,4,,,0.1
2020-12-02,bbe12cfc798f1e618a79fb902209eef24462bdb9,2021-02-01,content-at-commit,godot,0b23021ed5d8,initial,,,,,True,9c7c8da4627ec30e604b55daf6cae4bf99d6fb44,examples/array_export/project.godot,godot-rust/gdnative,version_events,Add array export hint,False,False,False,4,,,0.1
2020-12-16,37b6f1e0d0e5fbf1618c84746aedf156c243f81e,2020-12-16,content-at-commit,godot,0b23021ed5d8,initial,,,,,True,480a87fb6534a7e875af79ccdc867342788947c9,examples/native_plugin/project.godot,godot-rust/gdnative,version_events,Added an example that shows how to create custom node plugins,False,False,False,4,,,0.1
2020-12-29,0851cb9fdb7cfd8eedd8a554d441c7f263bbc912,2020-12-31,content-at-commit,godot,0b23021ed5d8,initial,,,,,True,57973d71f0ef32fcf0e6e616ff37537d4b6a93b4,examples/rpc/project.godot,godot-rust/gdnative,version_events,Add networking example,False,False,False,4,,,0.1
2022-02-09,86d0511e6cefdc2b144d57d462bbc38b0b4d6c6f,2022-02-12,content-at-commit,godot,0b23021ed5d8,initial,,,,,True,19ed0d25e12efe5274d48a3ceab3656ce26c26da,examples/array-export/project.godot,godot-rust/gdnative,version_events,Rename examples and crate directories to kebab-case,False,False,False,4,,,0.1
2022-02-09,86d0511e6cefdc2b144d57d462bbc38b0b4d6c6f,2022-02-12,content-at-commit,godot,0b23021ed5d8,initial,,,,,True,19ed0d25e12efe5274d48a3ceab3656ce26c26da,examples/dodge-the-creeps/project.godot,godot-rust/gdnative,version_events,Rename examples and crate directories to kebab-case,False,False,False,4,,,0.1
2022-02-09,86d0511e6cefdc2b144d57d462bbc38b0b4d6c6f,2022-02-12,content-at-commit,godot,0b23021ed5d8,initial,,,,,True,19ed0d25e12efe5274d48a3ceab3656ce26c26da,examples/hello-world/project.godot,godot-rust/gdnative,version_events,Rename examples and crate directories to kebab-case,False,False,False,4,,,0.1
2022-02-09,86d0511e6cefdc2b144d57d462bbc38b0b4d6c6f,2022-02-12,content-at-commit,godot,0b23021ed5d8,initial,,,,,True,19ed0d25e12efe5274d48a3ceab3656ce26c26da,examples/native-plugin/project.godot,godot-rust/gdnative,version_events,Rename examples and crate directories to kebab-case,False,False,False,4,,,0.1
2022-02-09,86d0511e6cefdc2b144d57d462bbc38b0b4d6c6f,2022-02-12,content-at-commit,godot,0b23021ed5d8,initial,,,,,True,19ed0d25e12efe5274d48a3ceab3656ce26c26da,examples/scene-create/project.godot,godot-rust/gdnative,version_events,Rename examples and crate directories to kebab-case,False,False,False,4,,,0.1
2022-02-09,86d0511e6cefdc2b144d57d462bbc38b0b4d6c6f,2022-02-12,content-at-commit,godot,0b23021ed5d8,initial,,,,,True,19ed0d25e12efe5274d48a3ceab3656ce26c26da,examples/spinning-cube/project.godot,godot-rust/gdnative,version_events,Rename examples and crate directories to kebab-case,False,False,False,4,,,0.1
2022-07-16,5204ec9a3d0c828b1021c9c7c7d9a99ae8de4161,2022-07-17,content-at-commit,godot,0b23021ed5d8,initial,,,,,True,8815dda4fcc2b5acd0646ed21d05cc39168f57fb,examples/builder-export/project.godot,godot-rust/gdnative,version_events,"Rename array-export -> builder-export, collection-properties -> property-export",False,False,False,4,,,0.1
2022-07-16,5204ec9a3d0c828b1021c9c7c7d9a99ae8de4161,2022-07-17,content-at-commit,godot,0b23021ed5d8,initial,,,,,True,8815dda4fcc2b5acd0646ed21d05cc39168f57fb,examples/property-export/project.godot,godot-rust/gdnative,version_events,"Rename array-export -> builder-export, collection-properties -> property-export",False,False,False,4,,,0.1
2022-11-20,6163455ff824c6d2949350748beee83f8a6719c7,2022-11-29,content-at-commit,godot,0b23021ed5d8,initial,,,,,True,00aace3a116f69d9a0f9e89247750f870765ac4c,examples/godot_tps_controller_port/project.godot,godot-rust/gdnative,version_events,added refactored TPS Example,False,False,False,4,,,0.1
2020-10-26,8023eaa5c2925822512b02cb06325a2740678777,2020-10-26,content-at-commit,godot,0b23021ed5d8,initial,,,,,True,3c3a5cb619624c3a1683ca945e8afe24e5e1cfb6,project.godot,db0/godot-card-game-framework,version_events,init,False,False,False,4,,,0.1
2022-03-28,edfd9b99fa7d41868509f7ba895fe6c5f5a6bdfb,2022-03-28,content-at-commit,godot,0b23021ed5d8,initial,,,,,True,5f0fc499eb2228e53fedb00b8e8ddd361d73baad,project.godot,a-little-org-called-mario/a-little-game-called-mario,version_events,Initial commit,False,False,False,4,,,0.1
2020-04-25,507f42d41f39aa1606770412d6733b3589514e6e,2020-04-26,content-at-commit,godot,0b23021ed5d8,initial,,,,,True,936d80f197d0eb23762ed726f94896f687870e97,project.godot,godot-extended-libraries/godot-next,version_events,Add a project and demo files,False,False,False,4,,,0.1
2020-05-02,1815f590d7b20b8b7637036e7d3e6cf2fcb38d4f,2020-05-02,content-at-commit,godot,0b23021ed5d8,initial,,,,,True,,project.godot,alfredbaudisch/Godello,version_events,Godot project with Trello-like lists and cards; card dragging and dropping with real-time preview,True,False,False,4,,,0.1
2018-10-07,768de96ecf18cdd68da8441fce152d086e6ab0d7,2018-10-07,content-at-commit,godot,0b23021ed5d8,initial,,,,,True,,project.godot,gdquest-demos/godot-make-pro-2d-games,version_events,initial commit,False,False,False,3,,,0.1
2019-03-28,801c3fa853960255210697b4a085d32ef832ea30,2019-03-28,content-at-commit,godot,0b23021ed5d8,major_migration,3,,,,True,1177a55f364a87e09bb56a786d808ccbc2ff6d8c,project.godot,gdquest-demos/godot-make-pro-2d-games,version_events,Start port to 3.1: add explicit enum calls,False,True,True,4,,,0.1
2019-05-03,cf82f3a164b5b1b30ef53d678910d877d5e36b99,2019-05-03,content-at-commit,godot,0b23021ed5d8,initial,,,,,True,112f4d2dbd557895b236e8bbe0463e2a619aa1e8,prototypes/1.hook-movement/project.godot,gdquest-demos/godot-platformer-2d,version_events,Add base movement prototype from gdquest-kickstarter-3 repo,False,False,False,4,,,0.1
2019-05-09,d21efdce1456fa924616a083084c1d5aae564bce,2019-05-09,content-at-commit,godot,0b23021ed5d8,initial,,,,,True,7d5fd39cd82fde7e7a13ed5e4d55a2ccfe29a958,prototypes/2.hook-movement-rigidbody/project.godot,gdquest-demos/godot-platformer-2d,version_events,Add base project for the RigidBody2D movement prototype,False,False,False,4,,,0.1
2019-05-10,60d0225a41db5842799e10459b06541d7ab9caed,2019-05-10,content-at-commit,godot,0b23021ed5d8,initial,,,,,True,64f3c396ac8e0c7721f3a6d2b766302ed990ba57,prototypes/3.rigidbody-vs-kinematicbody-movement/project.godot,gdquest-demos/godot-platformer-2d,version_events,Pilot tutorial demo added,False,False,False,4,,,0.1
2019-06-09,0155fc07afa00fb74d6472759200c4a82e65662a,2019-06-09,content-at-commit,godot,0b23021ed5d8,initial,,,,,True,0c423c0d944962185098b8850ce90702d220027d,hook!-full-game/project.godot,gdquest-demos/godot-platformer-2d,version_events,"Move hook-movement prototype into hook!-full-game, rename Godot project",True,False,False,4,,,0.1
2019-06-17,f0833712e0e3d88adc0f0a4bad76f7c807afbdd1,2019-06-17,content-at-commit,godot,0b23021ed5d8,initial,,,,,True,ac948286a67355b6e9065e9741a4ec00d6d0410f,prototypes/4.ai-scheduling/project.godot,gdquest-demos/godot-platformer-2d,version_events,AI module - Scheduling (#56),False,False,False,4,,,0.1
2019-06-25,b4cc0b84c9fa276ee31a118f3be33992869f1243,2019-06-25,content-at-commit,godot,0b23021ed5d8,initial,,,,,True,d16b012bd3300cc6ca759ad454a129edc5fcb406,prototypes/5.ai-steer/project.godot,gdquest-demos/godot-platformer-2d,version_events,Empty project,False,False,False,4,,,0.1
2019-07-31,5a390f76a89cca89bd354cfe8c5a462046191ee7,2019-08-01,content-at-commit,godot,0b23021ed5d8,initial,,,,,True,fe5fe48d35570c816ffadc6abeea5f6dc613996d,game/project.godot,gdquest-demos/godot-platformer-2d,version_events,Rename hook!-full-game folder -> game/,False,False,False,4,,,0.1
2018-07-17,6ff4ba7173d0e3a337d86b9d634d2662cb60a21d,2018-07-17,content-at-commit,godot,0b23021ed5d8,initial,,,,,True,,project.godot,cis-ash/TEXTREME,version_events,Initial commit`,False,False,False,3,,,0.1
2019-09-14,beb341bbce58b25eb0aacbbe21a1755c97ffabae,2019-09-14,content-at-commit,godot,0b23021ed5d8,major_migration,3,,,,True,c3c6d01a813022d8452367e49507f67fbb485758,project.godot,cis-ash/TEXTREME,version_events,Fixed fonts. Save + Load bar is no longer affected,False,False,False,4,,,0.1
2020-03-06,abbdf56d476744131ab102c6e78a4d4091b4c3ce,2020-03-06,content-at-commit,godot,0b23021ed5d8,initial,,,,,True,4c3bbf303d56f931709535adf825b546f5596416,Laser Beam/project.godot,uheartbeast/youtube-tutorials,version_events,Added the Laser Beam Video Source.,False,False,False,4,,,0.1
2020-03-10,8e3a78f53e8cf7a36b7289ec4e43aaac7bc8f876,2020-03-10,content-at-commit,godot,0b23021ed5d8,initial,,,,,True,50fa9c2b8c6349a607a4dd731da1d6c2bc73f48e,Action RPG/project.godot,uheartbeast/youtube-tutorials,version_events,Action RPG series part 1.,False,False,False,4,,,0.1
2019-10-26,0c186e689c2a1a3f76493944a4bc77a9ce2bcf80,2019-10-26,content-at-commit,godot,0b23021ed5d8,initial,,,,,True,0f2d23c53afd7db20819d72ccdfa34f42bcf1392,project.godot,loudsmilestudios/TetraForce,version_events,Initial commit,False,False,False,4,,,0.1
2017-12-16,6ff9d5370f7b316d4db84645991a99ed871ec0e0,2017-12-16,content-at-commit,godot,0b23021ed5d8,initial,,,,,True,,project.godot,quentincaffeino/godot-console,version_events,Initial commit,False,False,False,3,,,0.1
2018-02-27,695f67809a43a25386afa63e090d06b95b62ccc8,2018-02-27,content-at-commit,godot,0b23021ed5d8,initial,,,,,True,df65e8efba5d7426eaa4760f230b21c807a2321a,example/project.godot,quentincaffeino/godot-console,version_events,Project refator,False,False,False,3,,,0.1
2020-09-12,bef84fa38942d538bee148f071f7cdba467f129a,2020-09-12,content-at-commit,godot,0b23021ed5d8,initial,,,,,True,e7f4f6e9dd9c3f9fd928504b0a5636026de13b39,godot/project.godot,quentincaffeino/godot-console,version_events,WIP: 3.0,False,False,True,4,,,0.1
2021-07-09,5eec107af79052dea06004829a6f5e3d64d91069,2021-07-09,content-at-commit,godot,0b23021ed5d8,initial,,,,,True,3b889d4e078f98089bd855133a1ae8abc21c350b,demo/project.godot,quentincaffeino/godot-console,version_events,1. Simplified project structure 2. Removed deprecated methods,False,False,False,4,,,0.1
2021-10-25,dc8ec8091939b19ccb067120b8309a5e0992f897,2021-10-25,content-at-commit,godot,0b23021ed5d8,initial,,,,,True,7dde248b84ad71da1940a45556b05f73c938ecb7,demo-csharp/project.godot,quentincaffeino/godot-console,version_events,Added csharp wrapper and demo scene,False,False,False,4,,,0.1
2022-05-18,53b1d31fff065fa1d8db5bcd1e073d6c576c0154,2022-05-18,content-at-commit,godot,0b23021ed5d8,major_migration,4,,,,False,82a6b929c04d6a5057d569436db8a74c01a239ce,demo/project.godot,quentincaffeino/godot-console,version_events,Godot 4 port,True,True,True,5,4.0,2023-03-01,0.1
2020-11-10,1035aef6fe70a231666fa666dfc50a3a75add0b8,2020-11-10,content-at-commit,godot,0b23021ed5d8,initial,,,,,True,9b980072fae081a06d037c0d25541a32706fa938,project.godot,Arnklit/Waterways,version_events,inital commit,False,False,False,4,,,0.1
2022-08-18,211f192e7b013701954aec1774bddd9c74c09592,2022-08-18,content-at-commit,godot,0b23021ed5d8,major_migration,4,,,,False,d25a7c97b59e60ec44ddc4b44555cbe947970c26,project.godot,Arnklit/Waterways,version_events,Initial Godot 4 conversion (#15),True,False,True,5,4.0,2023-03-01,0.1
2023-11-18,9d7ec62d41d48daa1b05e048ab4cf6ec6d033a28,2023-11-18,content-at-commit,godot,0b23021ed5d8,minor_upgrade,5,4.0,1,0,False,4d1df48646a4127e57f6acece949bc424d2bc1d3,project.godot,Arnklit/Waterways,version_events,fix: various fixes,False,False,False,5,4.1,2023-07-06,0.1
2023-11-20,630cadbd4e418b4265c4b952cd2686b7577df4dd,2023-11-20,content-at-commit,godot,0b23021ed5d8,minor_upgrade,5,4.1,1,0,False,9d7ec62d41d48daa1b05e048ab4cf6ec6d033a28,project.godot,Arnklit/Waterways,version_events,fix: more work on fixing water system renderer,False,False,False,5,4.2,2023-11-30,0.1
2025-12-15,5e506285a13e8bcb7aee1ff2fbb73506568ca5cc,2025-12-15,content-at-commit,godot,0b23021ed5d8,minor_upgrade,5,4.2,4,3,False,931b9270822cbe3f7ebc98e70e04c07f1252be31,project.godot,Arnklit/Waterways,version_events,Godot 4.5 test scene,True,False,True,5,4.5,2025-09-15,0.1
2019-06-16,d411b03145f15c04f5da6900bced8e4428d1e167,2019-06-16,content-at-commit,godot,6b79220010ab,initial,,,,,True,,demo/project.godot,Shin-NiL/Godot-Android-Admob-Plugin,version_events,First commit,False,False,False,4,,,0.1
2019-07-22,d3e93055f7fef4431c5211899c4c4749da0d7c9c,2019-07-22,content-at-commit,godot,6b79220010ab,initial,,,,,True,,project.godot,lawnjelly/smoothing-addon,version_events,First version,False,False,False,4,,,0.1
2023-02-02,edf01248052ee5194c1cfa3422f5c29bedacf20e,2023-02-02,content-at-commit,godot,6b79220010ab,initial,,,,,False,4eadf5cd8bb2dafe054ca7c50687c7308e5e38d3,project.godot,lawnjelly/smoothing-addon,version_events,Set as top level to allow direct parent attachment.,False,False,False,5,4.0,2023-03-01,0.1
2023-02-02,cdedc5b71c23a6c413dc083f96a1187dd9143e06,2023-02-02,content-at-commit,godot,6b79220010ab,initial,,,,,True,c09f2c55d84f0fbf0637d0b054e7a6a40a08b114,project.godot,lawnjelly/smoothing-addon,version_events,Call `set_as_toplevel` on ready,False,False,False,4,,,0.1
2021-03-25,278833cbd089528c673a9878e509a624116f6ade,2021-03-25,content-at-commit,godot,6b79220010ab,initial,,,,,True,,godot/project.godot,Bauxitedev/bitmapflow,version_events,First commit,False,False,False,4,,,0.1
2019-06-24,55fdc07d502e94ef6bb3d060f54cc997c74efe3c,2019-06-24,content-at-commit,godot,6b79220010ab,initial,,,,,True,c0fac888bc35a351728f36f005e4e381850674cc,project.godot,ClarkThyLord/Voxel-Core,version_events,setup Godot project,True,False,False,4,,,0.1
2019-06-26,d5e8d262c91234b677a5ba1c3d366647f828a5af,2019-06-26,content-at-commit,godot,6b79220010ab,initial,,,,,True,89807192ef8dfe5427332d8d20e7858516ca58a1,project.godot,ClarkThyLord/Voxel-Core,version_events,define Voxel,False,False,False,4,,,0.1
2022-10-19,8ac53d4c26117bdb8addd26b4a9d1f33dfa86491,2022-10-19,content-at-commit,godot,6b79220010ab,major_migration,4,,,,False,6d991b2b16d5a1cf3ed25eabba0bc13ca4beeb8c,project.godot,ClarkThyLord/Voxel-Core,version_events,Setup new Godot 4 project,True,False,True,5,4.0,2023-03-01,0.1
2023-07-08,b950f93eb328d6ad23db9c65d82296e05f64b7ae,2023-07-08,content-at-commit,godot,6b79220010ab,minor_upgrade,5,4.0,1,0,False,7fcfea2316eb1675e56c6dca9f4e83f29939f886,project.godot,ClarkThyLord/Voxel-Core,version_events,Start working on VoxelEditor,False,False,False,5,4.1,2023-07-06,0.1
2024-05-26,1f6a2bade3fca16cdde796493f713a9471a527ee,2024-05-26,content-at-commit,godot,6b79220010ab,minor_upgrade,5,4.1,1,0,False,d723aa570e75fad947aef20d010c2e01d70a6ec1,project.godot,ClarkThyLord/Voxel-Core,version_events,"Move to Godot 4.2, improve debugging and VoxelObjectEditor popup",True,False,True,5,4.2,2023-11-30,0.1
2019-07-09,d4624460aacaf3216f48b6040fd2ae0c2fde1d32,2019-07-09,content-at-commit,godot,6b79220010ab,initial,,,,,True,b5710c3d4b64c1887fd10f0ff6e2e40581398f08,New Game Project/project.godot,hiulit/Godot-3-2D-Destructible-Objects,version_events,Added initial test,False,False,False,4,,,0.1
2019-07-15,8fce0fe953cae8118b89cfc3cb50a10a0d1f94e8,2019-07-15,content-at-commit,godot,6b79220010ab,initial,,,,,True,c9bccaad12888c81b87d972dbb5587bc9dd3eb10,project.godot,hiulit/Godot-3-2D-Destructible-Objects,version_events,Restructured project,False,False,False,4,,,0.1
2021-06-28,594ba37e5d2b03d167b249210beef5caa220cc9e,2021-06-28,content-at-commit,godot,6b79220010ab,initial,,,,,True,,app/project.godot,samsface/godot-steam-api,version_events,init commit,False,False,False,4,,,0.1
2020-03-07,b42dc97a323dead33a7982dbf94289abea7f55d2,2020-03-07,content-at-commit,godot,6b79220010ab,initial,,,,,True,,project.godot,jayaarrgh/BookOfShaders-Godot,version_events,init repo,False,False,False,4,,,0.1
2024-07-04,d0741eb4b5b89fcf24d45ab777bfd43790dfc783,2024-07-04,content-at-commit,godot,6b79220010ab,major_migration,4,,,,False,eb3fc305e532acfc47d387523c3b8e2997b2316c,project.godot,jayaarrgh/BookOfShaders-Godot,version_events,Updates for godot4,True,False,True,5,4.2,2023-11-30,0.1
2019-05-19,5761f49abe0326fadfe34d3d34026032ff575729,2019-05-19,content-at-commit,godot,6b79220010ab,initial,,,,,True,,project.godot,ephread/inkgd,version_events,Initial Commit,False,False,False,4,,,0.1
2023-08-29,adf9a90467a7c1b2a02333a61765fe78184c2d73,2023-09-10,content-at-commit,godot,6b79220010ab,major_migration,4,,,,False,cca81759f6eef311d2100e373da085aaf9c8aaeb,project.godot,ephread/inkgd,version_events,Perform minimally viable conversion to Godot 4.1.1,True,False,True,5,4.1,2023-07-06,0.1
2023-12-08,e634159f0eaa69f01d697672417f714938e0256a,2023-12-08,content-at-commit,godot,6b79220010ab,minor_upgrade,5,4.1,1,0,False,06da2d39857038c2883fb99fe5d00ba99e01e762,project.godot,ephread/inkgd,version_events,Fix broken test,False,False,False,5,4.2,2023-11-30,0.1
2022-06-23,3c3626a5cf09d9c49ca227e4fab44214337d0e14,2022-06-23,content-at-commit,godot,6b79220010ab,initial,,,,,True,1104aec1cc5bb07e2fdcf27f74688ce0f334370e,save-game/project.godot,gdquest-demos/godot-3-demos-2022,version_events,feat: add savegame demo,False,False,False,4,,,0.1
2022-07-03,1633bf199ea91c79576573aced9cb9df433d9cb1,2022-07-03,content-at-commit,godot,6b79220010ab,initial,,,,,True,0b5a59cd7e5588acb3523f45297eb6883bdd90b1,godot-35-new-features/project.godot,gdquest-demos/godot-3-demos-2022,version_events,feat: Godot 3.5 new features demos (#5),True,False,True,4,,,0.1
2022-07-15,566cb203345ba415136bbd28171986c3b371d5c2,2022-07-15,content-at-commit,godot,6b79220010ab,initial,,,,,True,2fa8093264a57076682ce05fc1a6fe81f8730494,2d-rendering-optimization/project.godot,gdquest-demos/godot-3-demos-2022,version_events,feat: add demo about 2D visibility rendering optimization,False,False,False,4,,,0.1
2022-07-20,808f778286482b57b72f474d07fe1356f2f3490b,2022-07-20,content-at-commit,godot,6b79220010ab,initial,,,,,True,ba022aa78f428163390ce4b66a8d8bff0ed9f7f8,hitbox-hurtbox/project.godot,gdquest-demos/godot-3-demos-2022,version_events,feat: add hitbox and attack juice,False,False,False,4,,,0.1
2022-07-20,808f778286482b57b72f474d07fe1356f2f3490b,2022-07-20,content-at-commit,godot,6b79220010ab,initial,,,,,True,ba022aa78f428163390ce4b66a8d8bff0ed9f7f8,juicy-attack/project.godot,gdquest-demos/godot-3-demos-2022,version_events,feat: add hitbox and attack juice,False,False,False,4,,,0.1
2022-08-02,9b682ee5e077c59a2c36001ac5af59146923466b,2022-08-02,content-at-commit,godot,6b79220010ab,initial,,,,,True,56060c27b62d46fbf6e8be30f73251aed2fa070b,split-screen-coop/project.godot,gdquest-demos/godot-3-demos-2022,version_events,feat: add split screen coop demo (#15),False,False,False,4,,,0.1
2022-08-23,d27db77bb344c4e4821983cb0e9d599917c58932,2022-08-23,content-at-commit,godot,6b79220010ab,initial,,,,,False,5d9fc1a74c5a798041eb7a95053995fad0721153,ranged-attack/project.godot,gdquest-demos/godot-3-demos-2022,version_events,feat: add ranged attack demo,False,False,False,4,,,0.1
2022-08-27,10094acfa065b2d8bdd16b6721c5dbebc0069ba2,2022-08-27,content-at-commit,godot,6b79220010ab,initial,,,,,True,5d9fc1a74c5a798041eb7a95053995fad0721153,ranged-attack/project.godot,gdquest-demos/godot-3-demos-2022,version_events,feat: Ranged attack demo (#19),False,False,False,4,,,0.1
2022-08-30,4502bcbf086b217c026ceab0e29664b7d65ef64a,2022-08-30,content-at-commit,godot,6b79220010ab,initial,,,,,False,a2f8fc9c48336acb9b49438ed8558b2432593f70,block-and-parry-demo/project.godot,gdquest-demos/godot-3-demos-2022,version_events,First commit.,False,False,False,4,,,0.1
2022-08-30,d26f9455665c9dfc8f6f0577c0e052ed3b5237dd,2022-08-30,content-at-commit,godot,6b79220010ab,initial,,,,,False,a2f8fc9c48336acb9b49438ed8558b2432593f70,combo-demo/project.godot,gdquest-demos/godot-3-demos-2022,version_events,Initial commit.,False,False,False,4,,,0.1
2022-09-05,4525329185a9db6fca084d7355bd01b5346e519b,2022-09-05,content-at-commit,godot,6b79220010ab,initial,,,,,True,a2f8fc9c48336acb9b49438ed8558b2432593f70,dodge-demo/project.godot,gdquest-demos/godot-3-demos-2022,version_events,feat: dodge demo (#21),False,False,False,4,,,0.1
2022-09-29,dcac02cde1e363b17c760e620beb370c11498391,2022-09-29,content-at-commit,godot,6b79220010ab,initial,,,,,True,a02951fa3bf0c8811fd1aa9fbba5b5f33e5395cd,block-and-parry-demo/project.godot,gdquest-demos/godot-3-demos-2022,version_events,feat: add the block and parry demo (#23),False,False,False,4,,,0.1
2025-09-22,454797df723da1afb160231a4bafefd3c6a4c11c,2025-09-22,content-at-commit,godot,6b79220010ab,major_migration,4,,,,False,fb37555994eb42b8abab33d70564b565e62b6c02,2d-rendering-optimization/project.godot,gdquest-demos/godot-3-demos-2022,version_events,improvement(wip): port `2d-rendering-optimization` to Godot 4,True,True,True,5,4.5,2025-09-15,0.1
2025-09-24,74ee06b74c5e397a8e86f3c663880d2579e2d3cf,2025-09-24,content-at-commit,godot,6b79220010ab,major_migration,4,,,,False,bbd31de923b8f5ebeb2c9db3c1b2155c4fa0f366,block-and-parry-demo/project.godot,gdquest-demos/godot-3-demos-2022,version_events,improvement(wip): port `block-and-parry` to Godot 4,True,True,True,5,4.5,2025-09-15,0.1
2025-09-24,e88649b9ec5a9b83d0e415520816ac9036eb52ae,2025-09-24,content-at-commit,godot,6b79220010ab,major_migration,4,,,,False,74ee06b74c5e397a8e86f3c663880d2579e2d3cf,dodge-demo/project.godot,gdquest-demos/godot-3-demos-2022,version_events,improvement(wip): port `dodge` to Godot 4,True,True,True,5,4.5,2025-09-15,0.1
2025-09-25,5ca1f4b486a821e076c2e106a2f53c7ce484f0e3,2025-09-25,content-at-commit,godot,6b79220010ab,major_migration,4,,,,False,b2bca63acd655250e61b52553587435dc0d910d0,hitbox-hurtbox/project.godot,gdquest-demos/godot-3-demos-2022,version_events,improvement: port `hitbox-hurtbox` to Godot 4,True,True,True,5,4.5,2025-09-15,0.1
2025-09-25,bec7944fb8aa0a56a44bbcaa915cc809dcf670df,2025-09-25,content-at-commit,godot,6b79220010ab,major_migration,4,,,,False,5ca1f4b486a821e076c2e106a2f53c7ce484f0e3,juicy-attack/project.godot,gdquest-demos/godot-3-demos-2022,version_events,improvement: port `juicy-attack` to Godot 4,True,True,True,5,4.5,2025-09-15,0.1
2025-09-25,82d8b8deb50a030b80dedab9dc50ef532f1b3840,2025-09-25,content-at-commit,godot,6b79220010ab,major_migration,4,,,,False,bec7944fb8aa0a56a44bbcaa915cc809dcf670df,ranged-attack/project.godot,gdquest-demos/godot-3-demos-2022,version_events,improvement: port `ranged-attack` to Godot 4,True,True,True,5,4.5,2025-09-15,0.1
2025-09-25,2637d2e0e2708fb51be42c756528b297c2bc4595,2025-09-25,content-at-commit,godot,6b79220010ab,major_migration,4,,,,False,82d8b8deb50a030b80dedab9dc50ef532f1b3840,save-game/project.godot,gdquest-demos/godot-3-demos-2022,version_events,improvement(wip): port `save-game` to Godot 4,True,True,True,5,4.5,2025-09-15,0.1
2025-09-25,d5656ea070e1e8c356a2a499b9164cf78bc4ec76,2025-09-25,content-at-commit,godot,6b79220010ab,major_migration,4,,,,False,2637d2e0e2708fb51be42c756528b297c2bc4595,split-screen-coop/project.godot,gdquest-demos/godot-3-demos-2022,version_events,improvement: port `split-screen-coop` to Godot 4,True,True,True,5,4.5,2025-09-15,0.1
2019-09-26,e151af25cb9d93d3fc800bfd53b55f803bf57dc2,2019-09-26,content-at-commit,godot,6b79220010ab,initial,,,,,True,,project.godot,NeoSpark314/godot_oculus_quest_toolkit,version_events,Initial commit,False,False,False,4,,,0.1
2020-03-31,b80581745d431743b268aaeae38ee25b57108ee8,2020-03-31,content-at-commit,godot,6b79220010ab,initial,,,,,True,,project.godot,awkwardpolygons/cartographer,version_events,Initial commit,False,False,False,4,,,0.1
2020-02-29,940c9d7151c4810d4d973922ab9ead19bbf3e34a,2020-02-29,content-at-commit,godot,6b79220010ab,initial,,,,,True,,project.godot,OBKF/Godot-Trail-System,version_events,first commit,False,False,False,4,,,0.1
2020-12-02,4286aff15985c440ab1ffde180cdbaa766c1672d,2020-12-02,content-at-commit,godot,6b79220010ab,initial,,,,,True,7cc7c8207feb28a4d5690ae6f69e42a82bdf74f5,src/project.godot,RPicster/Godot-particle-and-vfx-textures,version_events,Initial Commit,False,False,False,4,,,0.1
2020-03-30,5736784b6cc6570371675be66771405a30199511,2020-03-30,content-at-commit,godot,6b79220010ab,initial,,,,,True,4328ada03a1af5f0a226f811365be814b2325fa6,project.godot,Libre-TrainSim/Libre-TrainSim,version_events,Adding Files for Demo Release,False,False,False,4,,,0.1
2020-10-08,4453c0cc6664abdb1305ceeb6c03c811388ead27,2020-10-08,content-at-commit,godot,6b79220010ab,initial,,,,,True,3647365c0b84a20fdbb3674b9ac0f33dcb967b62,src/project.godot,Libre-TrainSim/Libre-TrainSim,version_events,rearraning Repository for github page,False,False,False,4,,,0.1
2017-11-12,02e55862d3aa31e03b699d1ff81d337b471ab4c9,2017-11-12,content-at-commit,godot,6b79220010ab,initial,,,,,True,,project.godot,GDQuest/godot-power-pitch,version_events,initial commit,False,False,False,3,,,0.1
2017-11-21,e7f329890525f66accd16f29089605747d10a3cd,2017-11-21,content-at-commit,godot,6b79220010ab,initial,,,,,True,bb55bfe4e9073243a2ae6e8ec05066567970eaa2,godot-3-presentation/project.godot,GDQuest/godot-power-pitch,version_events,Move files into a subfolder,False,False,False,3,,,0.1
2019-01-24,3dca42777587d383731bc936358c2043a92ecf95,2019-01-24,content-at-commit,godot,6b79220010ab,major_migration,3,,,,True,e2246a28a4d299ed42be585bab8224f455b30f61,godot-3-presentation/project.godot,GDQuest/godot-power-pitch,version_events,Port to Godot 3.1,True,True,True,4,,,0.1
2020-04-08,c5dd0ba677de3763b642c3a45570c06dbd1afaf0,2020-04-08,content-at-commit,godot,6b79220010ab,initial,,,,,True,670b20f82f12467c414754fd6b205116c99e2983,app/project.godot,getenu/enu,version_events,Add godot resources to project,True,False,False,4,,,0.1
2021-12-11,0bf0e172b47c91f2d4f13f125946afd4a3f8bdb0,2021-12-11,content-at-commit,godot,6b79220010ab,initial,,,,,True,f798cf54c4e67a4cfcb0f19a4ed8ce7a02431b3b,tests/godot/app/project.godot,getenu/enu,version_events,wip,False,False,False,4,,,0.1
2025-08-26,1380392998d677b0b8ba6ac7eeb839da344cb38b,2025-08-26,content-at-commit,godot,6b79220010ab,major_migration,4,,,,False,8e92f3b51e44fe928dbd780b4eff1967c139c91a,app/project.godot,getenu/enu,version_events,converted app dir,False,True,False,5,4.5,2025-09-15,0.1
2025-08-26,777ef0163ee33a7c0b6489476282b793904c9598,2025-08-26,content-at-commit,godot,6b79220010ab,initial,,,,,False,f02737acd72d64a29cc097a5b9679672104adbfd,test-godot4/project.godot,getenu/enu,version_events,Spike: Successful Godot 4 + gdext-nim integration,True,False,True,5,4.4,2025-03-03,0.1
2025-08-27,35725680fbecbdab7221299508ae8d7fb4c1618b,2025-08-27,content-at-commit,godot,6b79220010ab,minor_downgrade,5,4.5,-1,0,False,db27cf2321f30d8ec1b2e5ea737b2a40fbd83f2e,app/project.godot,getenu/enu,version_events,"Fixed godot build, binding generation, and extension generation",True,False,False,5,4.4,2025-03-03,0.1
2025-09-20,16b5d3b215241590a7e677d3ab0823bf9fe4717a,2025-09-20,content-at-commit,godot,6b79220010ab,minor_upgrade,5,4.4,1,0,False,d63c16ac082a90e94478779f92d90e666f972c4a,app/project.godot,getenu/enu,version_events,wip,False,False,False,5,4.5,2025-09-15,0.1
2025-10-01,42d4bc19797f5f973c67c00e9fabc8d2fe89e23b,2025-10-01,content-at-commit,godot,6b79220010ab,major_migration,4,,,,False,dd964a738309d4c7844b8e929930a21e8d91bb92,app/project.godot,getenu/enu,version_events,Squashed Godot 4 migration from godot4-port branch,True,True,True,5,4.5,2025-09-15,0.1
2019-05-23,fe8d13dc1f5e4f1df302494883df9dd80517a757,2019-05-23,content-at-commit,godot,99f27a7aa280,initial,,,,,True,9ecc61fc2d3e2aedbc397f44a542b69f3f5a30b0,project.godot,BraindeadBZH/godot_card_engine,version_events,Added previously ignored files,False,False,False,4,,,0.1
2020-03-13,f7efe60556c8c1837e6aba0c85ea7f8572c55b3d,2020-03-13,content-at-commit,godot,99f27a7aa280,initial,,,,,True,,project.godot,SIsilicon/Godot-Volumetrics-Plugin,version_events,Initial commit,False,False,False,4,,,0.1
2020-10-13,0139d1a03160fde43db8a1a25488e66b9d3944d3,2020-10-13,content-at-commit,godot,99f27a7aa280,initial,,,,,True,7d45d9ac1523f82036f35e35d12f10d7afeec144,project.godot,Arnklit/ShellFurGodot,version_events,initial commit,False,False,False,4,,,0.1
2019-05-31,f66c57ab192b67573d547d2a0225b2de8da1f260,2019-05-31,content-at-commit,godot,99f27a7aa280,initial,,,,,True,ea5c9a9e794a26cb97b4363dabe643f0fbf6d1fa,Dynamic sky and reflection/project.godot,danilw/godot-utils-and-other,version_events,Add files via upload,False,False,False,4,,,0.1
2019-06-24,99f4686067150ee07af0e6253fa294774a870718,2019-06-24,content-at-commit,godot,99f27a7aa280,initial,,,,,True,fbda9d736adaf51e794f890510a4871cdfc2ffc2,a_rel_bw_game/project.godot,danilw/godot-utils-and-other,version_events,Add files via upload,False,False,False,4,,,0.1
2019-09-28,60b155273e7972291f0ffce27a6d5b0a7fc40a10,2019-09-28,content-at-commit,godot,99f27a7aa280,initial,,,,,True,ccb1f8d1d994aab05232911e3978b068a01623f9,2d_ex_physics/project.godot,danilw/godot-utils-and-other,version_events,Add files via upload,False,False,False,4,,,0.1
2019-10-07,5d9546a45f6d4001ba8b749a6f91cc1761693480,2019-10-07,content-at-commit,godot,99f27a7aa280,initial,,,,,True,0002f18b5db5ab06b89fe23476b2beb971dda076,menu_2DGI/menu_2DGI_examples/example_1_minimal/project.godot,danilw/godot-utils-and-other,version_events,Add files via upload,False,False,False,4,,,0.1
2019-10-07,5d9546a45f6d4001ba8b749a6f91cc1761693480,2019-10-07,content-at-commit,godot,99f27a7aa280,initial,,,,,True,0002f18b5db5ab06b89fe23476b2beb971dda076,menu_2DGI/menu_2DGI_examples/example_2_text/project.godot,danilw/godot-utils-and-other,version_events,Add files via upload,False,False,False,4,,,0.1
2019-10-07,5d9546a45f6d4001ba8b749a6f91cc1761693480,2019-10-07,content-at-commit,godot,99f27a7aa280,initial,,,,,True,0002f18b5db5ab06b89fe23476b2beb971dda076,menu_2DGI/menu_2DGI_examples/example_3_smooth_col/project.godot,danilw/godot-utils-and-other,version_events,Add files via upload,False,False,False,4,,,0.1
2019-10-07,5d9546a45f6d4001ba8b749a6f91cc1761693480,2019-10-07,content-at-commit,godot,99f27a7aa280,initial,,,,,True,0002f18b5db5ab06b89fe23476b2beb971dda076,menu_2DGI/menu_2DGI_render/project.godot,danilw/godot-utils-and-other,version_events,Add files via upload,False,False,False,4,,,0.1
2019-11-06,27e53b1445dc5b17e2169491e97f158eee589475,2019-11-06,content-at-commit,godot,99f27a7aa280,initial,,,,,True,964991c29ec469d86a7252861d6ea5e3168b363c,particle_self_collision/mini_example/project.godot,danilw/godot-utils-and-other,version_events,Add files via upload,False,False,False,4,,,0.1
2020-02-16,64dbd3e8447ea26ed7345d1afdea9984ac86cbb7,2020-02-16,content-at-commit,godot,99f27a7aa280,initial,,,,,True,2945905bb5d5cdf3f940d6c49d9efc1434113689,portals_panorama/project.godot,danilw/godot-utils-and-other,version_events,portals_panorama init,False,False,False,4,,,0.1
2020-03-04,e8ac449bd48f965699eb8a8490bbdc676df77147,2020-03-04,content-at-commit,godot,99f27a7aa280,initial,,,,,True,a4d07979727671edf454aba25278c5340bb61535,Volumetric_Lights/project.godot,danilw/godot-utils-and-other,version_events,Volumetric_Lights,False,False,False,4,,,0.1
2020-06-09,9ef6fa04c423878a3027ff9c25b55b29720b786d,2020-06-09,content-at-commit,godot,99f27a7aa280,initial,,,,,True,4c2dedd9136962d0cad2bf0433694bfd8bb30c41,graphic_demo_3d/project.godot,danilw/godot-utils-and-other,version_events,demo_3d_src_upload,False,False,False,4,,,0.1
2020-08-07,256fec0360a9f8fec0744c104af154eb43ce34f0,2020-08-07,content-at-commit,godot,99f27a7aa280,initial,,,,,False,fc13176d3061ac4ef925aa77a48ffbecdd7f5360,mat4_bugs/mat4_bugs_correct/project.godot,danilw/godot-utils-and-other,version_events,Add files via upload,False,False,False,4,,,0.1
2020-09-03,75a0e1822d1e82f09862496964ee1a77b29cc64d,2020-09-03,content-at-commit,godot,99f27a7aa280,initial,,,,,True,57dde14ba747655dab4e4fb132ef84f7bc309db1,particle_system_effects_Godot3/project.godot,danilw/godot-utils-and-other,version_events,initial particle_system_effects_Godot3,True,False,False,4,,,0.1
2020-12-26,537a3904ba2af1e969c42bc7d02e38763dfa0f60,2020-12-26,content-at-commit,godot,99f27a7aa280,initial,,,,,True,b330ddaed5f81d090347db3f4ba1382f32fc3798,cube_ex_tools/frame_capture/project.godot,danilw/godot-utils-and-other,version_events,cube_ex_tools,False,False,False,4,,,0.1
2020-12-26,537a3904ba2af1e969c42bc7d02e38763dfa0f60,2020-12-26,content-at-commit,godot,99f27a7aa280,initial,,,,,True,b330ddaed5f81d090347db3f4ba1382f32fc3798,cube_ex_tools/frame_view_example/project.godot,danilw/godot-utils-and-other,version_events,cube_ex_tools,False,False,False,4,,,0.1
2021-10-04,9687a94bdf70b3c4a3c1de53d769831e18918da7,2021-10-04,content-at-commit,godot,99f27a7aa280,initial,,,,,True,fbcf62d57c340d02887f2b02d6bc53f033e556d4,src/tools/project.godot,gilzoide/godot-lua-pluginscript,version_events,"Add unit test runner, add GD.get_lua_instance",False,False,False,4,,,0.1
2020-04-02,1ac454ed81f53f2d643f2b958cc85c6cc46a7b94,2020-04-02,content-at-commit,godot,99f27a7aa280,initial,,,,,True,,godot/project.godot,heroiclabs/nakama-godot-demo,version_events,Commit initial work,False,False,False,4,,,0.1
2020-05-16,e136ed40058f6438b29f466e60699005f90e9a6e,2020-05-16,content-at-commit,godot,99f27a7aa280,initial,,,,,True,a50fb4eaddd4430e91f16fc1eca3795bd056ca4a,tutorial/godot/project.godot,heroiclabs/nakama-godot-demo,version_events,"Add tutorial demo, update README",False,False,False,4,,,0.1
2020-05-16,e136ed40058f6438b29f466e60699005f90e9a6e,2020-05-16,content-at-commit,godot,99f27a7aa280,initial,,,,,True,a50fb4eaddd4430e91f16fc1eca3795bd056ca4a,tutorial/project.godot,heroiclabs/nakama-godot-demo,version_events,"Add tutorial demo, update README",False,False,False,4,,,0.1
2019-01-31,a883af5ea0e1db117a5f9e041978efd37267f115,2019-01-31,content-at-commit,godot,99f27a7aa280,initial,,,,,True,f78215236d5e76e8688c6f3196e4458abe178690,project.godot,hiulit/Godot-3-2D-Day-Night-Cycle,version_events,Initial commit,False,False,False,3,,,0.1
2019-09-03,ab00dda1db226e8ea3d98027179d680c6464c0cb,2019-09-03,content-at-commit,godot,99f27a7aa280,major_migration,3,,,,True,bfa41a7978b4ea489b54a0f92c33ef365c1bd76a,project.godot,hiulit/Godot-3-2D-Day-Night-Cycle,version_events,Refactor DayNightCycle,False,False,False,4,,,0.1
2021-01-13,f3027661b5598d73962f095984fb7555bcb10179,2021-01-13,content-at-commit,godot,99f27a7aa280,initial,,,,,True,5776742cc08bf1b953c27d104c51bf4549f8b23a,day_night_cycle/project.godot,hiulit/Godot-3-2D-Day-Night-Cycle,version_events,Organized project,False,False,False,4,,,0.1
2018-09-30,72adf119148aa76d5a977179f72045752279a599,2018-09-30,content-at-commit,godot,99f27a7aa280,initial,,,,,True,c04f42350016bd92c02a7345e5005df4b54d5ed2,project.godot,wesnoth/haldric,version_events,"simple tileset (using 2 spritesheets, one for base tiles, one for overlays) plus small example map as .tscn, using two TileMap nodes for basic and overlay tiles. This project uses the current stable release, Godot Engine 3.0.6.",True,False,True,3,,,0.1
2019-02-17,85b30459b848bd578ac28cf4ab8c8d27e1fc2df6,2019-02-17,content-at-commit,godot,99f27a7aa280,major_migration,3,,,,True,7491ea9eaae5f8806307eed0844477e211307b2d,project.godot,wesnoth/haldric,version_events,make master playable in godot 3.1,True,False,True,4,,,0.1
2019-02-17,213515ca6603d6f864810c2f05136fa316fa7cc3,2019-02-17,content-at-commit,godot,99f27a7aa280,major_migration,3,,,,True,7491ea9eaae5f8806307eed0844477e211307b2d,project.godot,wesnoth/haldric,version_events,I removed all files and put them back in piece by piece with static typing. those are the first few,False,False,False,4,,,0.1
2021-02-14,bbddd7017b589d92b3e32335bbd7a5135684ea14,2021-02-14,content-at-commit,godot,99f27a7aa280,initial,,,,,True,,project.godot,MikeSchulze/gdUnit3,version_events,GdUnit initial commit Beta 0.9.0,False,False,False,4,,,0.1
2021-08-07,49796a51dc5e9e3b7f936c856e1b86bb3a7e77b3,2021-08-07,content-at-commit,godot,99f27a7aa280,initial,,,,,True,a7bd4ecc42c02ff8c86c5522c135cd2698a643fb,project.godot,MikeSchulze/gdUnit3,version_events,"Revert ""Moved GdUnit3 examples to a separate repository""",False,False,False,4,,,0.1
2020-08-23,e11ef5dac7fa78a14dd5f5153aa7261ae6504dd1,2020-08-23,content-at-commit,godot,99f27a7aa280,initial,,,,,True,,godot/project.godot,gdquest-demos/godot-2d-jrpg-combat,version_events,"Initial commit, create project",False,False,False,4,,,0.1
2021-03-08,f794acf9dda693a47ddbea897ef43ae401c3a4b3,2021-03-08,content-at-commit,godot,99f27a7aa280,initial,,,,,True,b01bce7712cd67f3f8c66abcb786a9792872b4ae,start/project.godot,gdquest-demos/godot-2d-jrpg-combat,version_events,Add start project,False,False,False,4,,,0.1
2021-04-11,943af14c94c884a6543e0d3ff3f31ace5cfcf2b1,2021-04-11,content-at-commit,godot,99f27a7aa280,initial,,,,,True,46507e40d6d4dfed7645fbea258bdf6d0bed054e,project.godot,Deep-Fold/PixelSpace,version_events,init,False,False,False,4,,,0.1
2019-03-07,3603491bf5b9f5a0671b5738ad518a20865bfa8c,2019-03-07,content-at-commit,godot,99f27a7aa280,initial,,,,,True,4d5f9973e5cb770ae8954729b10dd26a21f88d59,project.godot,AlexDarigan/wat,version_events,Implement Base Skeleton,False,False,False,4,,,0.1
2020-06-10,4b047348cb4f7af059439da361c21809bdbd9a5f,2020-06-10,content-at-commit,godot,99f27a7aa280,initial,,,,,False,,project.godot,wojtekpil/Godot-Octahedral-Impostors,version_events,Initial commit,False,False,False,4,,,0.1
2021-05-09,447a7d700c796b25ed059f48044413b6125bbe2e,2021-05-09,content-at-commit,godot,99f27a7aa280,initial,,,,,True,,project.godot,wojtekpil/Godot-Octahedral-Impostors,version_events,Initial commit of v2.0,False,False,False,4,,,0.1
2018-08-18,e0e347a89b959421cee42892f53b65e4e3eefb2d,2018-08-18,content-at-commit,godot,99f27a7aa280,initial,,,,,True,,project.godot,Bauxitedev/meteorite,version_events,first commit,False,False,False,3,,,0.1
2023-10-03,1cf2ffd8cc86242d9641cba1792a4c5c39e1139a,2023-10-03,content-at-commit,godot,99f27a7aa280,major_migration,3,,,,True,3fcbbfbc54bd5b435fb28cb449479d8ba1e18c96,project.godot,Bauxitedev/meteorite,version_events,Godot 3.3.2 port (#10),True,True,True,4,,,0.1
2021-10-05,48788976b9a446f89236e59ab9d8f0c1191ced27,2021-10-05,content-at-commit,godot,99f27a7aa280,initial,,,,,True,,project.godot,HarmonyHoney/ROTA,version_events,beep boop init commit (:,False,False,False,4,,,0.1
2025-02-26,71470acebe67105a550ab15c17fc7f20a3e626e9,2025-02-26,content-at-commit,godot,99f27a7aa280,major_migration,4,,,,False,39515478021f22f3833c0c0c6cad664c4b392e24,project.godot,HarmonyHoney/ROTA,version_events,WIP godot 4 play,True,False,True,5,4.3,2024-08-15,0.1
2018-01-24,90c12edfac96d9a3dc328343c0257e62009965cb,2018-01-24,content-at-commit,godot,99f27a7aa280,initial,,,,,True,c74749719d0dd0983387bbdba27c3d98d8110a51,project.godot,rakugoteam/Rakugo-archive,version_events,"switch to godot 3, if_statement working, some fixes and cleanup",True,False,True,3,,,0.1
2019-01-10,c74136fd64eef3d04d0bea912a66deba5d1fe377,2019-01-10,content-at-commit,godot,99f27a7aa280,major_migration,3,,,,True,4d0ed558e2e8dd5367353ce72aa5b12d092195fc,project.godot,rakugoteam/Rakugo-archive,version_events,Do a preliminary update to 3.1,False,False,True,4,,,0.1
2019-06-26,7d2d0fcb94e4f90f31f4198fec0a07dc9eb92728,2019-06-26,content-at-commit,godot,a92cdee694a6,initial,,,,,True,bae909f9a4a720ce7e13c2ab4f717eab26c73105,project.godot,hiulit/Godot-3-2D-CRT-Shader,version_events,Initial commit,False,False,False,4,,,0.1
2018-03-10,7c8e7a807f40d370b5c2e9560e985f75e8ea2ca9,2018-03-10,content-at-commit,godot,a92cdee694a6,initial,,,,,True,3adcc6581e13a5f33d9153ce8094f162bffede9a,project.godot,henriquelalves/GodotTIE,version_events,Add files via upload,False,False,False,3,,,0.1
2020-05-18,89e5bd4b09f631a3ce29c0052c2a2df60b870095,2020-05-18,content-at-commit,godot,a92cdee694a6,major_migration,3,,,,True,2059eae7f9ee2f63bead2d58af89bb7f84512db6,project.godot,henriquelalves/GodotTIE,version_events,Separated demo from main folder,False,False,False,4,,,0.1
2019-01-21,02dcb4682f91288a224c5de0cf6b3651a460621e,2019-01-21,content-at-commit,godot,a92cdee694a6,initial,,,,,True,,project.godot,LittleMouseGames/whiskers,version_events,:tada: Welcome to GitHub!,False,False,False,4,,,0.1
2019-10-30,2b2292f66159b9c46dd5e7a16542bad582b883bd,2019-10-30,content-at-commit,godot,a92cdee694a6,initial,,,,,False,6a825e02c665703742bd0823cc3424e8b92fcab1,project.godot,LittleMouseGames/whiskers,version_events,"Init empty project, add readme",False,False,False,4,,,0.1
2020-04-07,5e741657b31ef9e09e3075ad939e9c2ec088f520,2020-04-07,content-at-commit,godot,a92cdee694a6,initial,,,,,True,d724346aff93ec8e6d2764e7dc1c2a86d104c172,01/project.godot,Bozar/GodotRoguelikeTutorial,version_events,Add code for Chatper 1.,False,False,False,4,,,0.1
2020-04-07,53eab758a2f7f7aaae69eef8f4f3f9759fc9cad5,2020-04-07,content-at-commit,godot,a92cdee694a6,initial,,,,,True,5e741657b31ef9e09e3075ad939e9c2ec088f520,02/project.godot,Bozar/GodotRoguelikeTutorial,version_events,Rename folder: 01 -> 02.,False,False,False,4,,,0.1
2020-04-07,c8f4a6912f8e51293efb00a473dd4ee3650d8b8a,2020-04-07,content-at-commit,godot,a92cdee694a6,initial,,,,,True,53eab758a2f7f7aaae69eef8f4f3f9759fc9cad5,03/project.godot,Bozar/GodotRoguelikeTutorial,version_events,Copy code: 2/ -> 3/.,False,False,False,4,,,0.1
2020-04-08,e058e8fc704a378c56aefc3e10d5df8d1f52f4b9,2020-04-08,content-at-commit,godot,a92cdee694a6,initial,,,,,True,9a509f75d792682531cb0baff1b8067ce06bd4b4,04/project.godot,Bozar/GodotRoguelikeTutorial,version_events,Copy code: 03/ -> 04/.,False,False,False,4,,,0.1
2020-04-10,95e51ce74a80487c1606d85aa8523b7a66e7f037,2020-04-10,content-at-commit,godot,a92cdee694a6,initial,,,,,True,3f733762c31281971353b0eed59aa54b0c0309d5,05/project.godot,Bozar/GodotRoguelikeTutorial,version_events,Copy code: 04/ -> 05.,False,False,False,4,,,0.1
2020-04-12,f140cc037ce804d06552bae1a0dc6ad842fb5ab7,2020-04-12,content-at-commit,godot,a92cdee694a6,initial,,,,,True,d9f3c46cc67600e5c0bd113d6cf05aef3641787b,06/project.godot,Bozar/GodotRoguelikeTutorial,version_events,Copy code: 05/ -> 06/.,False,False,False,4,,,0.1
2020-04-13,5a2d50f8dd08ea64ace6742c5b5bd0b14da4ebeb,2020-04-13,content-at-commit,godot,a92cdee694a6,initial,,,,,True,1b449691b569d14ef2a779040bbdb882c2558d9e,07/project.godot,Bozar/GodotRoguelikeTutorial,version_events,Copy code: 06/ -> 07/.,False,False,False,4,,,0.1
2020-04-14,64dd96a57f0b097aa363914ad5189116b7c735ae,2020-04-14,content-at-commit,godot,a92cdee694a6,initial,,,,,True,2909fdb18cd282c0e3b5754ea34e7afaf21f6f39,08/project.godot,Bozar/GodotRoguelikeTutorial,version_events,Copy code: 07/ -> 08/.,False,False,False,4,,,0.1
2020-04-15,f9d8815ea514fc2cc5f4b9e8bc88fedb8a353a60,2020-04-15,content-at-commit,godot,a92cdee694a6,initial,,,,,True,dd7ff58982f7b46cfabb5beecd9c70ef2b6dd686,09/project.godot,Bozar/GodotRoguelikeTutorial,version_events,Copy code: 08/ -> 09/.,False,False,False,4,,,0.1
2020-04-16,a60da9ff01ee811f794c243dcc089f9742f01808,2020-04-16,content-at-commit,godot,a92cdee694a6,initial,,,,,True,e05d5760feddfb6267466dae0517307ba6cd852f,10/project.godot,Bozar/GodotRoguelikeTutorial,version_events,Copy code: 09/ -> 10/.,False,False,False,4,,,0.1
2021-07-29,6aaf0a4ce3b80ac216cc64205394796f67bf231e,2021-07-29,content-at-commit,godot,a92cdee694a6,initial,,,,,True,,project.godot,gtibo/VFX-sketchbook-Godot-3.x,version_events,first commit,False,False,False,4,,,0.1
2021-09-11,ccc092e668c24fa1fb4173caf1d3459cf4826e7f,2021-09-11,content-at-commit,godot,a92cdee694a6,initial,,,,,True,,demo/project.godot,Mohammed-Anwar/post-processing-tool-for-godot,version_events,first version of post-processing tool in godot,True,False,False,4,,,0.1
2020-12-09,35d1ba002ed03f6238abe1647650340160aeafc4,2020-12-09,content-at-commit,godot,a92cdee694a6,initial,,,,,True,,project.godot,heroiclabs/fishgame-godot,version_events,Initial commit.,False,False,False,4,,,0.1
2017-10-14,032ecc10ac263328de2f0aae66cedae054053030,2017-10-14,content-at-commit,godot,a92cdee694a6,initial,,,,,True,,demo/project.godot,GodotVR/godot_openxr_for_godot_3.x,version_events,First attempt at a near straight port from the original implementation. Don't expect too much but the basics to work,False,True,False,3,,,0.1
2018-08-26,41267eab3cd0b1c32d508ce589c6ad2f5630e327,2018-08-26,content-at-commit,godot,a92cdee694a6,major_migration,3,,,,True,4c98dabdaa12d9b5057566058ccf120b540cc481,demo/project.godot,GodotVR/godot_openxr_for_godot_3.x,version_events,Linked to master godot_headers and made changes for Godot 3.1,True,False,True,4,,,0.1
2020-04-08,2e2edd3cf51b36c0906ad47e25f23ac3c719633a,2020-04-08,content-at-commit,godot,a92cdee694a6,initial,,,,,True,,project.godot,Droivox/Godot-Engine-FPS,version_events,FPS T.,False,False,False,4,,,0.1
2020-04-09,31a2e11ac0250f5228148d16b2306c92fefabb3f,2020-04-09,content-at-commit,godot,a92cdee694a6,initial,,,,,True,1a287eb18c16e45356daab25a8ee1eceeb1ae6f1,Project/project.godot,Droivox/Godot-Engine-FPS,version_events,organization,False,False,False,4,,,0.1
2018-08-02,9dc0050296664b1ebf5a4321113d21fd1e605031,2018-08-02,content-at-commit,godot,a92cdee694a6,initial,,,,,True,9498a8bef53906390747395260a9d7bf03f24f5d,test/project.godot,utopia-rise/godot-kotlin-native,version_events,"Raw wrapper build system, CMake-based",False,False,False,3,,,0.1
2018-08-24,5ecee5b02072ee2822046345ddbbdb3d48af3a07,2018-08-24,content-at-commit,godot,a92cdee694a6,initial,,,,,True,69cccb216453bdf56b58f1b2657b538b1ab924f9,samples/project/project/project.godot,utopia-rise/godot-kotlin-native,version_events,"Project setup, added first sample. Split dynamic library from wrapper.",False,False,False,3,,,0.1
2018-08-28,a2c677fbcf22a9449777258b71190f903937b3f8,2018-08-28,content-at-commit,godot,a92cdee694a6,initial,,,,,True,b026bcdb37f6e86721c19fabc96ba17e10084383,samples/project/project/Games/dodge/project.godot,utopia-rise/godot-kotlin-native,version_events,Dodge game added,False,False,False,3,,,0.1
2018-10-02,bc515e526ab38c1a0ccf73439d60e3fcdffdde4c,2018-10-02,content-at-commit,godot,a92cdee694a6,initial,,,,,True,b97cda82435875135727b05663a5acefc12061c3,samples/games/project/project.godot,utopia-rise/godot-kotlin-native,version_events,Full merge with gradle_support branch. buildAll scripts and bugfixes. Stable build.,False,False,False,3,,,0.1
2018-10-21,c00494e47c56ac7b5fd769dd3e05cae46e3cebd1,2018-10-21,content-at-commit,godot,a92cdee694a6,initial,,,,,True,88e51b9fb51233b102aa2eaf2893736ed6ade22b,samples/coroutines/project/project.godot,utopia-rise/godot-kotlin-native,version_events,"Coroutines integration, a few bugfixes",False,False,False,3,,,0.1
2020-01-16,7b2f051ac786823c226120dfd578bfcea21c0c3e,2020-01-16,content-at-commit,godot,a92cdee694a6,major_migration,3,,,,True,fa61b36339af29c4021254fd0275dc08d19c3d96,samples/games/project/project.godot,utopia-rise/godot-kotlin-native,version_events,Update dependencies and simplify build process (#2),False,False,False,4,,,0.1
2020-02-17,992764d1d1fee4f6fb2a730bd72478a143ed9f9f,2020-02-17,content-at-commit,godot,a92cdee694a6,initial,,,,,True,82eae56595d9761906d3d0fe67964d245d8c3507,samples/coroutines/project.godot,utopia-rise/godot-kotlin-native,version_events,Feature/project layout (#26),False,False,False,4,,,0.1
2020-02-17,992764d1d1fee4f6fb2a730bd72478a143ed9f9f,2020-02-17,content-at-commit,godot,a92cdee694a6,initial,,,,,True,82eae56595d9761906d3d0fe67964d245d8c3507,samples/games/project.godot,utopia-rise/godot-kotlin-native,version_events,Feature/project layout (#26),False,False,False,4,,,0.1
2020-03-01,5cf91e7d3d509db6fe588a4791193734d18e4e3e,2020-03-01,content-at-commit,godot,a92cdee694a6,initial,,,,,False,21fd241c1994ec89fccdb3c4d5abf94cb089146b,samples/demo/physics_platformer_2D/project.godot,utopia-rise/godot-kotlin-native,version_events,Init draft,False,False,False,4,,,0.1
2020-03-09,f95d251bf547b81f8443a45bcb461795dff67463,2020-03-09,content-at-commit,godot,a92cdee694a6,initial,,,,,True,dec68eecdfda633488f56efb06dee9df4cb1d087,samples/benchmark/bunnymark/project.godot,utopia-rise/godot-kotlin-native,version_events,Feature/bunny benchmark (#60),False,False,False,4,,,0.1
2020-03-09,dec68eecdfda633488f56efb06dee9df4cb1d087,2020-03-09,content-at-commit,godot,a92cdee694a6,initial,,,,,True,3b76358faa99df5c242dcf90f76ef64a3b43a78b,samples/benchmark/gamelife/project.godot,utopia-rise/godot-kotlin-native,version_events,Feature/game of life benchmark (#59),False,False,False,4,,,0.1
2020-03-29,2ed44a2ecf2deefdf9bc919ec56e671e74680076,2020-08-03,content-at-commit,godot,a92cdee694a6,initial,,,,,True,3e86c5a7ca056ff11a2e6caf58b8b721e2a62ed7,old/samples/benchmark/bunnymark/project.godot,utopia-rise/godot-kotlin-native,version_events,Setup initial structure for the merge (#67),False,False,False,4,,,0.1
2020-03-29,69ed4eaa47b94f3880d3dd2273d06a25d58f9ab9,2020-03-29,content-at-commit,godot,a92cdee694a6,initial,,,,,False,17f2635bf09f7f53bbf66640cffd79ac2f79b479,old/samples/benchmark/bunnymark/project.godot,utopia-rise/godot-kotlin-native,version_events,Setup initial structure for the merge (#67),False,False,False,4,,,0.1
2020-03-29,2ed44a2ecf2deefdf9bc919ec56e671e74680076,2020-08-03,content-at-commit,godot,a92cdee694a6,initial,,,,,True,3e86c5a7ca056ff11a2e6caf58b8b721e2a62ed7,old/samples/benchmark/gamelife/project.godot,utopia-rise/godot-kotlin-native,version_events,Setup initial structure for the merge (#67),False,False,False,4,,,0.1
2020-03-29,69ed4eaa47b94f3880d3dd2273d06a25d58f9ab9,2020-03-29,content-at-commit,godot,a92cdee694a6,initial,,,,,False,17f2635bf09f7f53bbf66640cffd79ac2f79b479,old/samples/benchmark/gamelife/project.godot,utopia-rise/godot-kotlin-native,version_events,Setup initial structure for the merge (#67),False,False,False,4,,,0.1
2020-03-29,2ed44a2ecf2deefdf9bc919ec56e671e74680076,2020-08-03,content-at-commit,godot,a92cdee694a6,initial,,,,,True,3e86c5a7ca056ff11a2e6caf58b8b721e2a62ed7,old/samples/coroutines/project.godot,utopia-rise/godot-kotlin-native,version_events,Setup initial structure for the merge (#67),False,False,False,4,,,0.1
2020-03-29,69ed4eaa47b94f3880d3dd2273d06a25d58f9ab9,2020-03-29,content-at-commit,godot,a92cdee694a6,initial,,,,,False,17f2635bf09f7f53bbf66640cffd79ac2f79b479,old/samples/coroutines/project.godot,utopia-rise/godot-kotlin-native,version_events,Setup initial structure for the merge (#67),False,False,False,4,,,0.1
2020-03-29,2ed44a2ecf2deefdf9bc919ec56e671e74680076,2020-08-03,content-at-commit,godot,a92cdee694a6,initial,,,,,True,3e86c5a7ca056ff11a2e6caf58b8b721e2a62ed7,old/samples/games/project.godot,utopia-rise/godot-kotlin-native,version_events,Setup initial structure for the merge (#67),False,False,False,4,,,0.1
2020-03-29,69ed4eaa47b94f3880d3dd2273d06a25d58f9ab9,2020-03-29,content-at-commit,godot,a92cdee694a6,initial,,,,,False,17f2635bf09f7f53bbf66640cffd79ac2f79b479,old/samples/games/project.godot,utopia-rise/godot-kotlin-native,version_events,Setup initial structure for the merge (#67),False,False,False,4,,,0.1
2020-04-26,8a9a2601105c80fb2390cea1d40e3ab530e35770,2020-04-26,content-at-commit,godot,a92cdee694a6,initial,,,,,False,72229d141bcb7cad98a1190bc9f28b367bb7ce1c,samples/tests/project.godot,utopia-rise/godot-kotlin-native,version_events,Implement testing,False,False,False,4,,,0.1
2020-04-27,05034e4f4210b89d85d49948b23afac8dafc6ffe,2020-04-27,content-at-commit,godot,a92cdee694a6,initial,,,,,False,a20ef01af3086d309440340abac0b56a8dbed043,tests/project.godot,utopia-rise/godot-kotlin-native,version_events,Move tests from samples to top level,False,False,False,4,,,0.1
2020-07-23,0d0709c3ffbf7745d8528eb695ded3c8ab7c84ad,2020-08-03,content-at-commit,godot,a92cdee694a6,initial,,,,,True,e641ed8e70fbd6df6755bb1bffa60a44f6be0e05,samples/mini-games/project.godot,utopia-rise/godot-kotlin-native,version_events,[EntryGeneration] Implement support for new godot array types (#162),True,False,False,4,,,0.1
2020-07-23,94b3f8503430ef832f81462cfe305544054f4217,2020-07-23,content-at-commit,godot,a92cdee694a6,initial,,,,,False,a85a082a1c685f6f59a7ab1532383ca7e4979394,samples/mini-games/project.godot,utopia-rise/godot-kotlin-native,version_events,[EntryGeneration] Implement support for new godot array types (#162),True,False,False,4,,,0.1
2020-08-03,56c63f3ac90f28567f034d3f0c3213ad0589e451,2020-08-03,content-at-commit,godot,a92cdee694a6,initial,,,,,True,bdb3fb1ac6adf73277d9fed37b7a8a9aa31d85e4,samples/3d-platformer/project.godot,utopia-rise/godot-kotlin-native,version_events,Add 3D Platformer demo (#204),False,False,False,4,,,0.1
2020-08-08,b7a992cdc49db392181c6ac82bc3e305d2b83253,2020-08-09,content-at-commit,godot,a92cdee694a6,initial,,,,,False,b305183b1b2d6de315e6e111e02350b308b8b1ad,samples/benchmarks/bunnymark/project.godot,utopia-rise/godot-kotlin-native,version_events,init benchmarks,False,False,False,4,,,0.1
2020-08-08,b7a992cdc49db392181c6ac82bc3e305d2b83253,2020-08-09,content-at-commit,godot,a92cdee694a6,initial,,,,,False,b305183b1b2d6de315e6e111e02350b308b8b1ad,samples/benchmarks/gamelife/project.godot,utopia-rise/godot-kotlin-native,version_events,init benchmarks,False,False,False,4,,,0.1
2020-08-13,53487714f66250864b8be07fe8c45e1e64a47bb6,2020-08-13,content-at-commit,godot,a92cdee694a6,initial,,,,,False,805cfa74ad39fce5a90a018e6fa66e0958c4f05f,benchmarks/project.godot,utopia-rise/godot-kotlin-native,version_events,.,False,False,False,4,,,0.1
2022-11-14,08f653869b13bd6c1f421042aede76bf1a209f9d,2022-11-14,content-at-commit,godot,a92cdee694a6,initial,,,,,True,957c0eb4d475561e7b8372845bcb6c7f2a3bd44a,g-rcp2/project.godot,jreo03/g-rcp2,version_events,Add files via upload,False,False,False,4,,,0.1
2020-06-22,a8863198bab62743599db73114bf36c6ce424b6f,2020-06-22,content-at-commit,godot,a92cdee694a6,initial,,,,,True,,project.godot,CaptainProton42/DynamicWaterDemo,version_events,Initial commit.,False,False,False,4,,,0.1
2019-01-13,f18730ac0d969d1ddaa624e91d2fd4f47ab77f1d,2019-01-13,content-at-commit,godot,a92cdee694a6,initial,,,,,True,8dc2b8a5922a251fc97f39ee1bbd7115c1e8a01b,01-13-signals-remake/project.godot,gdquest-demos/godot-kickstarter-2019,version_events,Signals demo added,False,False,False,4,,,0.1
2019-01-15,b08fa40cb3f7ad313801d166c511fb12f0176acf,2019-01-15,content-at-commit,godot,a92cdee694a6,initial,,,,,True,e5fd4347580c18feec892fc01980a00a5da49e19,01-14-random-item-specs/project.godot,gdquest-demos/godot-kickstarter-2019,version_events,Random item specs demo added,False,False,False,4,,,0.1
2019-01-17,8af06199df2e760e28d716e1f24ef93921ea33fd,2019-01-17,content-at-commit,godot,a92cdee694a6,initial,,,,,True,6b0ef351f454174e0b7c6b00cdf6b8814c36076a,01-17-crafting-system/project.godot,gdquest-demos/godot-kickstarter-2019,version_events,Crafting system API added,False,False,False,4,,,0.1
2019-01-18,b16ebefd8bb05331889d71a175aec254c6f2b9bd,2019-01-18,content-at-commit,godot,a92cdee694a6,initial,,,,,True,6b0ef351f454174e0b7c6b00cdf6b8814c36076a,18-01-pixel-perfect-game/project.godot,gdquest-demos/godot-kickstarter-2019,version_events,Pixel perfect game added,False,False,False,4,,,0.1
2019-01-19,852f6f63a568568bd475bea2dcbfe7f1696d8132,2019-01-19,content-at-commit,godot,a92cdee694a6,initial,,,,,True,93933b88b2f43da9a4dc4901ea5c718ea60ee498,01-18-pixel-perfect-game/project.godot,gdquest-demos/godot-kickstarter-2019,version_events,Rename pixel perfect project folder,False,False,False,4,,,0.1
2019-01-20,176f289d1353738a2e228f2b817224d37ab7cdab,2019-01-20,content-at-commit,godot,a92cdee694a6,initial,,,,,True,b2c7efd3049c6748c040026c7f8e7a6fd0ca3575,01-19-navigation-2d-and-tilemaps/end/project.godot,gdquest-demos/godot-kickstarter-2019,version_events,Add navigation2d on tilemap demo,False,False,False,4,,,0.1
2019-01-20,176f289d1353738a2e228f2b817224d37ab7cdab,2019-01-20,content-at-commit,godot,a92cdee694a6,initial,,,,,True,b2c7efd3049c6748c040026c7f8e7a6fd0ca3575,01-19-navigation-2d-and-tilemaps/start/project.godot,gdquest-demos/godot-kickstarter-2019,version_events,Add navigation2d on tilemap demo,False,False,False,4,,,0.1
2019-01-23,e9c680ec0f953a0a8c107b2c00409b5beaf57bec,2019-01-23,content-at-commit,godot,a92cdee694a6,initial,,,,,True,eeb537467f228e2963042179d6776eb6ef4df459,01-23-camera-follow-2d/project.godot,gdquest-demos/godot-kickstarter-2019,version_events,Fix date in folder name,False,False,False,4,,,0.1
2019-01-23,eeb537467f228e2963042179d6776eb6ef4df459,2019-01-23,content-at-commit,godot,a92cdee694a6,initial,,,,,True,d98051ca5ca78cd7f70a5ff94d89304741da7b21,23-01-camera-follow-2d/project.godot,gdquest-demos/godot-kickstarter-2019,version_events,2D Multi target follower camera added (#13),False,False,False,4,,,0.1
2019-01-24,e2af9a5df4d99e9164f6f76cf4ba34d533bec81e,2019-01-24,content-at-commit,godot,a92cdee694a6,initial,,,,,True,e003f11158b5bcbe5091942255d0caf8644a31fa,01-23-camera-follow-3d/project.godot,gdquest-demos/godot-kickstarter-2019,version_events,Multi target 3d camera demo added,False,False,False,4,,,0.1
2019-01-26,106fb4c6728ace9ac9dedc1da2fe45e8b251b60e,2019-01-26,content-at-commit,godot,a92cdee694a6,initial,,,,,True,177ea4bd6dcf165fc5ea872a0f8b50632d29bf61,gdquest-godot-theme/project.godot,gdquest-demos/godot-kickstarter-2019,version_events,"Add reusable theme, styleguide, and project for debug drawing utilities",False,False,False,4,,,0.1
2019-01-29,4ba5844184b37d2e3682def9755771907422ffef,2019-01-29,content-at-commit,godot,a92cdee694a6,initial,,,,,True,bd8edea77e18773144a5867f429a6c205e7835bd,01-29-procedural-tilemap/project.godot,gdquest-demos/godot-kickstarter-2019,version_events,Add procedural tilemap world generation example,False,False,False,4,,,0.1
2019-02-01,8f32e5c5978fafbd9b5627a11a4a5400de693972,2019-02-01,content-at-commit,godot,a92cdee694a6,initial,,,,,True,a4cb358192f1cadb7da683e49c6dc4b8867acf9f,01-29-puzzle-game/end/project.godot,gdquest-demos/godot-kickstarter-2019,version_events,Puzzle game added (#17),False,False,False,4,,,0.1
2019-02-01,8f32e5c5978fafbd9b5627a11a4a5400de693972,2019-02-01,content-at-commit,godot,a92cdee694a6,initial,,,,,True,a4cb358192f1cadb7da683e49c6dc4b8867acf9f,01-29-puzzle-game/start/project.godot,gdquest-demos/godot-kickstarter-2019,version_events,Puzzle game added (#17),False,False,False,4,,,0.1
2019-02-01,e3dfa0b2ca371c1878594daa14d1cb838b771828,2019-02-02,content-at-commit,godot,a92cdee694a6,initial,,,,,True,9de6767a2d792b337e637fa03e3d4ca0ff659c86,02-01-intro-to-gdscript/01-29-procedural-tilemap/project.godot,gdquest-demos/godot-kickstarter-2019,version_events,Move and update intro to GDscript project,False,False,False,4,,,0.1
2019-02-01,e3dfa0b2ca371c1878594daa14d1cb838b771828,2019-02-02,content-at-commit,godot,a92cdee694a6,initial,,,,,True,9de6767a2d792b337e637fa03e3d4ca0ff659c86,02-01-intro-to-gdscript/exercise/project.godot,gdquest-demos/godot-kickstarter-2019,version_events,Move and update intro to GDscript project,False,False,False,4,,,0.1
2019-02-01,699f4a83c002e10cac8c2feb2c1acef22877edc8,2019-02-02,content-at-commit,godot,a92cdee694a6,initial,,,,,True,e3dfa0b2ca371c1878594daa14d1cb838b771828,02-02-coroutines/project.godot,gdquest-demos/godot-kickstarter-2019,version_events,Add coroutines intro demo,False,False,False,4,,,0.1
2019-02-02,8019558017a27705959269d6e654682c6b48270c,2019-02-02,content-at-commit,godot,a92cdee694a6,initial,,,,,True,c6e146898199a1dcecc68cd7d580e736dec79c9f,01-21-mesh-deform-2d-character/project.godot,gdquest-demos/godot-kickstarter-2019,version_events,Add 2d mesh deform demo,False,False,False,4,,,0.1
2019-02-03,3e5cb05a8acfa393d76351bb2f3a1cf740f87760,2019-02-03,content-at-commit,godot,a92cdee694a6,initial,,,,,True,55ff9a4fb885667bfb73e53842668c7a00597bc0,02-03-gdscript-programming-intro/project.godot,gdquest-demos/godot-kickstarter-2019,version_events,Add WIP intro to GDScript slideshow project,False,False,False,4,,,0.1
2019-02-05,1c2dcfae5c63d83a1507625fa688025e610f56be,2019-02-05,content-at-commit,godot,a92cdee694a6,initial,,,,,True,159e40ddb2e09ba5bcba2329a271e6c618378703,01-30-shield-blocking/project.godot,gdquest-demos/godot-kickstarter-2019,version_events,Shield blocking demo added (#18),False,False,False,4,,,0.1
2019-02-08,d96ba5764747545c0155045577d3e88af5c444b9,2019-02-08,content-at-commit,godot,a92cdee694a6,initial,,,,,True,7540df7e0b0321a9828a479ccb01e2e55ac4e00d,02-03-gdscript-intro-procedural-tilemap/end/project.godot,gdquest-demos/godot-kickstarter-2019,version_events,"Move GDScript intro, create start project",False,False,False,4,,,0.1
2019-02-08,d96ba5764747545c0155045577d3e88af5c444b9,2019-02-08,content-at-commit,godot,a92cdee694a6,initial,,,,,True,7540df7e0b0321a9828a479ccb01e2e55ac4e00d,02-03-gdscript-intro-procedural-tilemap/exercise/project.godot,gdquest-demos/godot-kickstarter-2019,version_events,"Move GDScript intro, create start project",False,False,False,4,,,0.1
2019-02-08,d96ba5764747545c0155045577d3e88af5c444b9,2019-02-08,content-at-commit,godot,a92cdee694a6,initial,,,,,True,7540df7e0b0321a9828a479ccb01e2e55ac4e00d,02-03-gdscript-intro-procedural-tilemap/start/project.godot,gdquest-demos/godot-kickstarter-2019,version_events,"Move GDScript intro, create start project",False,False,False,4,,,0.1
2019-02-12,47070eaf77dd77e42343280782ff1385e7ea0fb7,2019-02-12,content-at-commit,godot,a92cdee694a6,initial,,,,,True,7dbf672bdd17778c81e2cae388ffbae1bb728fc9,02-06-game-juice/project.godot,gdquest-demos/godot-kickstarter-2019,version_events,Game juicing demo added (#22),False,False,False,4,,,0.1
2019-02-15,207c10e62618f5fea661fe791fee760c9bdeb9b8,2019-02-15,content-at-commit,godot,a92cdee694a6,initial,,,,,True,51a79c335a6f0ef6c349b71606249161e8ccf593,02-15-astar-movement/project.godot,gdquest-demos/godot-kickstarter-2019,version_events,AStar movement demo based on OpenRPG rewrite,False,False,False,4,,,0.1
2019-08-28,2971fc2b00043977ed25a7ff29ac171d869efbd7,2019-08-28,content-at-commit,godot,a92cdee694a6,initial,,,,,True,,project.godot,Grumoth/godot-character-creator,version_events,first commit,False,False,False,4,,,0.1
2019-07-21,cdcea730fa70b479123d5ba1061fc92a4d0d7cc0,2019-07-21,content-at-commit,godot,a92cdee694a6,initial,,,,,True,,project.godot,EXPWorlds/Godot-Cel-Shader,version_events,Init Commit,False,False,False,4,,,0.1
2020-02-02,50d56cb0432fac158c8ec0e522effcd4613894a0,2020-02-02,content-at-commit,godot,a92cdee694a6,initial,,,,,True,e6391dc5b9c41d14c9a435710de67a7ddb4bb971,godot_project/project.godot,mgschwan/VRWorkout,version_events,Add game source,False,False,False,4,,,0.1
2018-08-29,15e3ab63324e58542967ebe26e1b81f8e80de629,2021-04-11,content-at-commit,godot,992ad7453568,initial,,,,,True,647db5af8ce3f991616ad475308933a5e10de664,project.godot,akien-mga/dynadungeons,version_events,Godot 3 port: Various fixes in scripts + sync scenes,True,True,True,4,,,0.1
2020-07-14,ab1ee358c243a1ee9b22399edc7fb2633a877b1c,2020-07-14,content-at-commit,godot,992ad7453568,initial,,,,,True,7f8dc14de55db3ccf4e21a2e4bb924da3af382c4,project.godot,AnJ95/godot-toolbox-project,version_events,Added empty Godot project,True,False,False,4,,,0.1
2019-08-17,05bf372d1b9a9ed3f84fb66516ddfdc5c43f072e,2019-08-17,content-at-commit,godot,992ad7453568,initial,,,,,True,6d374b5507bdb23d7c0d9755e6ad8f0f63505ddd,3D_RigidChar_pusher/project.godot,nezvers/Godot_Public_Examples,version_events,Simple 3D RigidCharacter pusher game,False,False,False,4,,,0.1
2019-08-17,e4726f7fb808d4f6bb6122bc9569b6245dad444e,2019-08-17,content-at-commit,godot,992ad7453568,initial,,,,,True,1512d26b4f64b2c360b71b4f6d12128df497693d,Basic_platformer/project.godot,nezvers/Godot_Public_Examples,version_events,Basic platformer KinematicBody2d example,False,False,False,4,,,0.1
2019-08-17,6d374b5507bdb23d7c0d9755e6ad8f0f63505ddd,2019-08-17,content-at-commit,godot,992ad7453568,initial,,,,,True,e4726f7fb808d4f6bb6122bc9569b6245dad444e,Mouse_Maze_Game/project.godot,nezvers/Godot_Public_Examples,version_events,Mouse pointer maze game,False,False,False,4,,,0.1
2019-08-20,970ec09b1a28aaeeef51fc0bbe7c565f4a40d519,2019-08-20,content-at-commit,godot,992ad7453568,initial,,,,,True,362d7b28306d85052755fd23de46ee8d1acae7ab,AI_Patrol/project.godot,nezvers/Godot_Public_Examples,version_events,AI patroling,False,False,False,4,,,0.1
2019-08-20,eea5774d8289e27f46ae8d5572b78c02f0fb4e47,2019-08-20,content-at-commit,godot,992ad7453568,initial,,,,,True,970ec09b1a28aaeeef51fc0bbe7c565f4a40d519,Basic_platformer_slopes/Basic_platformer_slopes_end/project.godot,nezvers/Godot_Public_Examples,version_events,Basic platformer slopes,False,False,False,4,,,0.1
2019-08-20,eea5774d8289e27f46ae8d5572b78c02f0fb4e47,2019-08-20,content-at-commit,godot,992ad7453568,initial,,,,,True,970ec09b1a28aaeeef51fc0bbe7c565f4a40d519,Basic_platformer_slopes/Basic_platformer_slopes_start/project.godot,nezvers/Godot_Public_Examples,version_events,Basic platformer slopes,False,False,False,4,,,0.1
2019-08-20,426a4c511765c93128704a97a42f8d930e5ce848,2019-08-20,content-at-commit,godot,992ad7453568,initial,,,,,True,eea5774d8289e27f46ae8d5572b78c02f0fb4e47,Danger_wank/project.godot,nezvers/Godot_Public_Examples,version_events,Danger wank from AI patrol,False,False,False,4,,,0.1
2019-08-20,362d7b28306d85052755fd23de46ee8d1acae7ab,2019-08-20,content-at-commit,godot,992ad7453568,initial,,,,,True,1e4373692c02db5ab7c6e3f8c801c5ada4a6d5d1,Latvian_Alphabet/project.godot,nezvers/Godot_Public_Examples,version_events,Latvian Alphabet,False,False,False,4,,,0.1
2019-08-22,51a0b84a7d12a4ac515b64efebd2afac8583f7c2,2019-08-22,content-at-commit,godot,992ad7453568,initial,,,,,True,426a4c511765c93128704a97a42f8d930e5ce848,Cutscene_system/project.godot,nezvers/Godot_Public_Examples,version_events,Cutscene system,False,False,False,4,,,0.1
2019-11-05,4f0b5b6332bf6159af6246b8adbb2fe929a1be88,2019-11-05,content-at-commit,godot,992ad7453568,initial,,,,,True,bb835ed3f7e529a63450345be9d2a10d3abf1ac9,Boomerang/project.godot,nezvers/Godot_Public_Examples,version_events,Boomerang,False,False,False,4,,,0.1
2019-11-29,86130baae7c18f6c24fe6bd356468490b86b292a,2019-11-29,content-at-commit,godot,992ad7453568,initial,,,,,True,579d1d662dac5cb440935a9108a24ba33eeb6e0e,DIY_Singleton/project.godot,nezvers/Godot_Public_Examples,version_events,Common preloaded resource as link,False,False,False,4,,,0.1
2019-12-27,bc9259b961a22d9caf0a276073f379c346f20fda,2019-12-27,content-at-commit,godot,992ad7453568,initial,,,,,True,6b1db75fe51051933f26ee3e3d236b8014245113,Input_Sequence/project.godot,nezvers/Godot_Public_Examples,version_events,Input Sequence,False,False,False,4,,,0.1
2020-01-27,405e1896cd9a2fd23ece2d090c27a147837cba1e,2020-01-27,content-at-commit,godot,992ad7453568,initial,,,,,True,9ffd6e13cffd368e649833554bf119f26ec01f84,Camerashake_directional/project.godot,nezvers/Godot_Public_Examples,version_events,Camerashake using time with sin & cos,False,False,False,4,,,0.1
2020-01-27,f9007e205c12ab8e772c2c7842a01358bb878891,2020-01-27,content-at-commit,godot,992ad7453568,initial,,,,,True,405e1896cd9a2fd23ece2d090c27a147837cba1e,Camerashake_physical/project.godot,nezvers/Godot_Public_Examples,version_events,Camerashake using physics spring,False,False,False,4,,,0.1
2020-01-27,9ffd6e13cffd368e649833554bf119f26ec01f84,2020-01-27,content-at-commit,godot,992ad7453568,initial,,,,,True,d690a2ed8bf261956ccfa1dac45e9682a14e77e5,Camerashake_spring/project.godot,nezvers/Godot_Public_Examples,version_events,Camerashake - Hook's law spring,False,False,False,4,,,0.1
2020-01-27,6e2660320f762591052f70f4a2554066cf834507,2020-01-27,content-at-commit,godot,992ad7453568,initial,,,,,True,f9007e205c12ab8e772c2c7842a01358bb878891,Car_Rigidbody2D/project.godot,nezvers/Godot_Public_Examples,version_events,Top down RigidBody2D car,False,False,False,4,,,0.1
2020-02-04,77c9cf3c216d8935bf507d28720898a25503e982,2020-02-04,content-at-commit,godot,992ad7453568,initial,,,,,True,82b60f2b777fb634b99fc678b04ff354c67edc0b,3D_camera_gimbal/project.godot,nezvers/Godot_Public_Examples,version_events,Example project for camera_gimbal,False,False,False,4,,,0.1
2020-02-05,a6a8dd9aab3b0de144850edbd4880e2aaaa82894,2020-02-05,content-at-commit,godot,992ad7453568,initial,,,,,True,f8212dd7d700953cad4cc6a26b3ffe664f2c9fde,Cutscene_system_2.0/project.godot,nezvers/Godot_Public_Examples,version_events,Cutscene scripting system,False,False,False,4,,,0.1
2020-03-21,df5895fb2dad0d0d8f9a502ede5a7f1d813eac47,2020-03-21,content-at-commit,godot,992ad7453568,initial,,,,,True,05b6a6e56a4ecdaae7a074654a4a8584d1cd3ada,3D_FPS_controller/project.godot,nezvers/Godot_Public_Examples,version_events,3D FPS controller,False,False,False,4,,,0.1
2020-03-21,240fb8b7eb937b91dd09daca64a38464e225c48b,2020-03-21,content-at-commit,godot,992ad7453568,initial,,,,,True,9a3b758770c450c118cb6eb9a1ba954f3f849678,3D_template/project.godot,nezvers/Godot_Public_Examples,version_events,Lightning based on Tokisan Games video,False,False,False,4,,,0.1
2020-04-03,7639a84c38a8e836fe89ea43ca71cf7dd40f9e63,2020-04-03,content-at-commit,godot,992ad7453568,initial,,,,,True,63c422eae68b60f73754a2152de48a57af87eb8d,2DWind/project.godot,nezvers/Godot_Public_Examples,version_events,2DWind and Camerashake update,False,False,False,4,,,0.1
2020-08-18,30684a898629c72320b5c3802bafd0f05f30552d,2020-08-18,content-at-commit,godot,992ad7453568,initial,,,,,True,e648382becd3fec2fca69246341702a54b1c649b,LOD_System/project.godot,nezvers/Godot_Public_Examples,version_events,LOD System,False,False,False,4,,,0.1
2020-11-24,4b10d8bf6556350e7271b3194e0c8ede91e090f9,2020-11-24,content-at-commit,godot,992ad7453568,initial,,,,,True,36e51df3b2df7a486f43ecdbb347ad62b2c57798,KinematicBody2D/InfiniteBounce/project.godot,nezvers/Godot_Public_Examples,version_events,InfiniteBounce with KinematicBody2D move_and_collide,False,False,False,4,,,0.1
2020-12-29,140a8065d9bba56d2ecb0bd7a1ac4aa597399772,2020-12-29,content-at-commit,godot,992ad7453568,initial,,,,,True,f8ffc79f38962d6d9228adf9bbf5b23d7afe64a9,BezierCurveInteraction/project.godot,nezvers/Godot_Public_Examples,version_events,BezierCurve,False,False,False,4,,,0.1
2021-07-11,40113ece54eda85259d42ae1686e594b6ff30b1c,2021-07-11,content-at-commit,godot,992ad7453568,initial,,,,,True,5127e1b5dcd87ca69b65fc70c34e6524680b2175,BitmapFonts/project.godot,nezvers/Godot_Public_Examples,version_events,Bitmap font,False,False,False,4,,,0.1
2019-10-25,2a407db98028eced29c17ce7a86fb33c394a2ba6,2019-10-25,content-at-commit,godot,992ad7453568,initial,,,,,True,18dd474e02df6b0fc7328f6184da8510ba9f0811,project.godot,binogure-studio/chart-gd,version_events,Port to godot engine 3.1,True,True,True,4,,,0.1
2020-02-06,714ea716fe7d114ab5e839d9f3533ba800b3c0ca,2020-02-06,content-at-commit,godot,992ad7453568,initial,,,,,True,fd8783420d6d7df25d41b8e88b9d5377025fd2a3,project.godot,redhoot-dev/Godot-Open-World-Demo,version_events,First commit,False,False,False,4,,,0.1
2020-05-13,fe748dc8863fea112f72ec6fe8b0fd72455d2d15,2020-05-13,content-at-commit,godot,992ad7453568,initial,,,,,True,,project.godot,teebarjunk/godot-text_effects,version_events,Add files via upload,False,False,False,4,,,0.1
2020-08-22,10369744ba166cb09da5c8aec5b48055d25ef07f,2020-08-22,content-at-commit,godot,992ad7453568,initial,,,,,True,,project.godot,HarmonyHoney/tiny_crate,version_events,init,False,False,False,4,,,0.1
2023-03-01,dcb21be6c122353821c8de44bccbb65be8129403,2023-03-01,content-at-commit,godot,992ad7453568,major_migration,4,,,,False,0b3ead67cfac9d52ca356dd6bceeaf30f42d9440,project.godot,HarmonyHoney/tiny_crate,version_events,convert to 4.0 and open editor! .godot in .gitignore (;,False,True,True,5,4.0,2023-03-01,0.1
2021-10-23,875b2534df538db12751a2e209a7ecf3fbe3ca9a,2021-10-23,content-at-commit,godot,992ad7453568,initial,,,,,True,,project.godot,noidexe/godot-version-manager,version_events,Initial commit,False,False,False,4,,,0.1
2024-02-05,a91e17aeabc297664e66d9182e9b28ab815259e4,2024-02-05,content-at-commit,godot,992ad7453568,major_migration,4,,,,False,b50ecd479007f9e060ba58cbd3f23839013e8e10,project.godot,noidexe/godot-version-manager,version_events,WIP Update to Godot 4,True,False,True,5,4.3,2024-08-15,0.1
2019-11-20,d2c52b0576b8e635ff2ea2c2a436111b676b178d,2019-11-21,content-at-commit,godot,992ad7453568,initial,,,,,True,2fa42eed4e5e2a83dfc0ab871805e3dd97985f36,demo/project.godot,cgisca/PGSGP,version_events,Create demo project for godot,True,False,False,4,,,0.1
2018-06-01,d510be9d9c9d4787d22f7d8bbb5ad8ddd193b6cf,2018-06-01,content-at-commit,godot,992ad7453568,initial,,,,,True,948e3a2f869548ab31c267f287592d1ab86cb82b,game/project.godot,romlok/godot-gdhexgrid,version_events,Create basic Godot project,True,False,False,3,,,0.1
2018-06-04,8be1d877ba15c1ccce0848ca273b44c29edda1c4,2018-06-04,content-at-commit,godot,992ad7453568,initial,,,,,True,7ad346780e2391c8907a5eec82c82ccbaf708d26,project.godot,romlok/godot-gdhexgrid,version_events,Relocate to repo root,False,False,False,3,,,0.1
2019-02-18,d761d281fcd129fa3ddfdaabd4af09e9b2d10187,2019-02-18,content-at-commit,godot,992ad7453568,major_migration,3,,,,True,211ddb8ffc82d12a973cfc89fc7ea568e2e0a3a0,project.godot,romlok/godot-gdhexgrid,version_events,fixed: issues with Godot 3.1,True,False,True,4,,,0.1
2019-01-26,3610f7030516f59062d350b0cfea5826272884ae,2019-01-26,content-at-commit,godot,992ad7453568,initial,,,,,True,,project.godot,acedogblast/Project-Uranium-Godot,version_events,Fixed Android Support,False,False,False,3,,,0.1
2019-05-16,2263f7be822ecf8ec7b624ef11fcb8d39a54ae2c,2019-05-16,content-at-commit,godot,992ad7453568,major_migration,3,,,,True,19b934ce19f8349ecafd6ef098e11efc8502b412,project.godot,acedogblast/Project-Uranium-Godot,version_events,Upgraded to Godot v3.1.1,True,True,True,4,,,0.1
2023-02-10,461966de63463975970d3f79618c5a889eac225f,2023-02-10,content-at-commit,godot,992ad7453568,major_migration,4,,,,False,96bb5a839e39d0e922e7d8fa12acc0c2709c3fa4,project.godot,acedogblast/Project-Uranium-Godot,version_events,Initial Work on porting to Godot 4.0,True,True,True,5,4.0,2023-03-01,0.1
2019-07-27,a588ccf52d44adb93001b99376ae8b07fb65feba,2019-07-27,content-at-commit,godot,992ad7453568,initial,,,,,True,c657b9455f12ca81c0be140e1ec320c4b97a41d9,src/project.godot,Alzter/TuxBuilder,version_events,Source code,False,False,False,4,,,0.1
2019-10-20,6181e5dec47d0541c0d74538bef1df620fd4a540,2019-10-20,content-at-commit,godot,992ad7453568,initial,,,,,True,,project.godot,ikbencasdoei/godot-voip,version_events,Initial commit,False,False,False,4,,,0.1
2020-08-20,2c95da8cdc6fcf04124a813e5ff07c9a5b146199,2020-08-20,content-at-commit,godot,992ad7453568,initial,,,,,True,ad094a875c7822a7ca7d2a652b4eadc515de634f,project.godot,samuelbigos/godot_2d_global_illumination,version_events,Initial port of https://www.shadertoy.com/view/lltcRN# to Godot.,True,True,False,4,,,0.1
2020-04-17,b1f329b2a44d78eed75d9fa8da62a93198a45a9b,2020-04-17,content-at-commit,godot,992ad7453568,initial,,,,,True,,project.godot,Kehom/GodotAddonPack,version_events,Initial Commit,False,False,False,4,,,0.1
2022-05-23,9b4b79622e35342df5cb7622a8d58a702cf9930f,2022-05-23,content-at-commit,godot,992ad7453568,initial,,,,,True,,project.godot,Rhythia/sound-space-plus,version_events,hello yes git repo very cool,False,False,False,4,,,0.1
2023-02-10,d088d2cfdfcc7c4a2f95bf749740d55289eb4860,2023-02-10,content-at-commit,godot,992ad7453568,major_migration,4,,,,False,b3296df8433cbfa3d5be42cad5fd97b603856742,project.godot,Rhythia/sound-space-plus,version_events,switch to godot 4.0,True,False,True,5,4.0,2023-03-01,0.1
2018-09-11,6ea60fb1f62df9d0aba7c19db3c1fec95945cbe0,2018-09-11,content-at-commit,godot,ff0ff0b5bddc,initial,,,,,True,6948c8f09cca9cab6df57f5d461358d49fe0d0b2,Demo1/project.godot,spkingr/Godot-Demos,version_events,Add new project,False,False,False,3,,,0.1
2018-09-18,33866870c78fb5fbfcdc0b3ca2a8d2f7c0a4a09a,2018-09-18,content-at-commit,godot,ff0ff0b5bddc,major_migration,3,,,,True,bac0fe35320853a623c35ed130bef0f7009c46db,Demo1/project.godot,spkingr/Godot-Demos,version_events,new demo added,False,False,False,4,,,0.1
2018-09-18,33866870c78fb5fbfcdc0b3ca2a8d2f7c0a4a09a,2018-09-18,content-at-commit,godot,ff0ff0b5bddc,initial,,,,,True,bac0fe35320853a623c35ed130bef0f7009c46db,Demo2/project.godot,spkingr/Godot-Demos,version_events,new demo added,False,False,False,4,,,0.1
2018-09-26,ad567e337fe7ab4accf5197ee9669506f9675c61,2018-09-26,content-at-commit,godot,ff0ff0b5bddc,initial,,,,,True,66c7bad2cd6071ea2da0f2f02037d374e903dd7a,Demo3/project.godot,spkingr/Godot-Demos,version_events,new project added,False,False,False,4,,,0.1
2018-10-12,65c692b031a61d2e1bef1579586c87a276a010af,2018-10-12,content-at-commit,godot,ff0ff0b5bddc,initial,,,,,True,c4e10160ff32ef6201f540886906205a50eed513,Demo4/project.godot,spkingr/Godot-Demos,version_events,new demo added,False,False,False,4,,,0.1
2018-10-20,888a94e1015a13cf2940b7779df038554f1d9097,2018-10-20,content-at-commit,godot,ff0ff0b5bddc,initial,,,,,True,65c692b031a61d2e1bef1579586c87a276a010af,Demo5/project.godot,spkingr/Godot-Demos,version_events,new project with tilemap set,False,False,False,4,,,0.1
2018-11-20,8b011d3cd286b3e26139d46ed24cf860c9fed26c,2018-11-20,content-at-commit,godot,ff0ff0b5bddc,initial,,,,,True,e5a08e4e3131d1f58de3ab9fe29693652a335cc1,Demo6/project.godot,spkingr/Godot-Demos,version_events,new project added,False,False,False,4,,,0.1
2018-12-20,a4038fbd0f0e7480a659b29e063de4e707d2adaa,2018-12-20,content-at-commit,godot,ff0ff0b5bddc,initial,,,,,True,e71cb3e279670590ba504c49f7f5d270e8ed24c1,Demo7/project.godot,spkingr/Godot-Demos,version_events,add project Demo7,False,False,False,4,,,0.1
2018-12-29,3c37a90ece0c71811a3919d6c091911edcbf6fe1,2018-12-29,content-at-commit,godot,ff0ff0b5bddc,initial,,,,,True,a553ad8ab8fa79571736bed95aada0f1e6961c23,Demo8/project.godot,spkingr/Godot-Demos,version_events,new project added,False,False,False,4,,,0.1
2019-01-16,c3a8c099911b78f544a2e71570c15ec74837fafc,2019-01-16,content-at-commit,godot,ff0ff0b5bddc,initial,,,,,True,d47e2468ae54b82b5d7d48e61f0cf9b14dc74fa9,Demo9/project.godot,spkingr/Godot-Demos,version_events,new project added,False,False,False,4,,,0.1
2019-07-19,82e5e7be32dd5d8b706cdd39e56f995e67093c41,2019-07-19,content-at-commit,godot,ff0ff0b5bddc,initial,,,,,True,50bac793c63975f91929acc84091b6a43192f10f,Demo10/project.godot,spkingr/Godot-Demos,version_events,new project added,False,False,False,4,,,0.1
2019-07-31,c46562159f540cac8e130a19c29188c35da573db,2019-07-31,content-at-commit,godot,ff0ff0b5bddc,initial,,,,,True,9e06eb4f81bc26b3a823c2ffe6dd4018f0ed4b24,Demo11/project.godot,spkingr/Godot-Demos,version_events,new project added,False,False,False,4,,,0.1
2020-03-17,8b0b7baf2974585cdc789268521744aec402edc4,2020-03-17,content-at-commit,godot,ff0ff0b5bddc,initial,,,,,True,c46562159f540cac8e130a19c29188c35da573db,Demo12/project.godot,spkingr/Godot-Demos,version_events,new project with non-multiplayer,False,False,False,4,,,0.1
2020-07-31,debba82162e2f7e8fb19cb6ea338768175621b85,2020-07-31,content-at-commit,godot,ff0ff0b5bddc,initial,,,,,True,36ee532990e13c931210f32e4ba07f814481710f,Demo13/project.godot,spkingr/Godot-Demos,version_events,new project added,False,False,False,4,,,0.1
2020-08-12,61738fff81ad60e85ebdce53476f006e0e7c982b,2020-08-12,content-at-commit,godot,ff0ff0b5bddc,initial,,,,,True,58e81adacb35f9f9e20179f67c43e65686b3be33,Demo14/project.godot,spkingr/Godot-Demos,version_events,new project added,False,False,False,4,,,0.1
2018-04-29,1a1a6efb1c4f688355dbeaeda24067d5ca1eaabc,2018-04-29,content-at-commit,godot,ff0ff0b5bddc,initial,,,,,True,,project.godot,Bauxitedev/godot-motion-blur,version_events,First commit,False,False,False,3,,,0.1
2021-08-24,6f80a18a52bdfc8e8750c7b347ab9f0d189c9f83,2021-08-24,content-at-commit,godot,ff0ff0b5bddc,major_migration,3,,,,True,eb7623990785d62fdb6dd9d6dfbcc9b250435e9f,project.godot,Bauxitedev/godot-motion-blur,version_events,Updated to Godot 3.3.2,True,False,True,4,,,0.1
2018-02-16,d750765fc731acfd58a1eb7bdb398f1a989cd12d,2018-02-16,content-at-commit,godot,ff0ff0b5bddc,initial,,,,,True,52c8c540dcbdd614869efe7c1ef6e7f6a550f383,project.godot,JaccomoLorenz/godot-camera-control,version_events,Port to godot 3,True,True,True,3,,,0.1
2020-02-23,7a775fdf752ae03780cfbb68b4a31f5aab3eb212,2020-02-23,content-at-commit,godot,ff0ff0b5bddc,major_migration,3,,,,True,05593f739e3d5c19d273bb8d2f0539146a7cf869,project.godot,JaccomoLorenz/godot-camera-control,version_events,Add controller and keyboard support for freelook,False,False,False,4,,,0.1
2019-06-24,b009ddef91a6c9b8699ffd827824c01116f63555,2019-06-24,content-at-commit,godot,ff0ff0b5bddc,initial,,,,,True,,project.godot,Zylann/godot_scatter_plugin,version_events,Added project,False,False,False,4,,,0.1
2020-02-07,0584d3cb6786d51465b6f1b1ddf58c5099067357,2020-02-07,content-at-commit,godot,ff0ff0b5bddc,initial,,,,,True,3376fe54704826c87c4a0ea2188273f4727044b9,slide_puzzle_game/project.godot,miskatonicstudio/godot-experiments,version_events,Add slide puzzle game,False,False,False,4,,,0.1
2020-02-12,a814803035e62d00da5dba976d65a16db647d963,2020-02-12,content-at-commit,godot,ff0ff0b5bddc,initial,,,,,True,0584d3cb6786d51465b6f1b1ddf58c5099067357,terrain_shader/project.godot,miskatonicstudio/godot-experiments,version_events,Add terrain shader experiment,False,False,False,4,,,0.1
2020-02-26,af2c6bdcaec637e52bb5721343f918009299fcd2,2020-02-26,content-at-commit,godot,ff0ff0b5bddc,initial,,,,,True,cbe3ba76597be754c0dd8ff595131c750206129a,portal/project.godot,miskatonicstudio/godot-experiments,version_events,Add portal experiment,False,False,False,4,,,0.1
2021-06-14,bc117e6fc19f1992c1584e92f1d5c8b3fd838c21,2021-06-14,content-at-commit,godot,ff0ff0b5bddc,initial,,,,,True,4fcc2270a9d7bec7a50e9802b9ff06b7f8d35c1b,ghost_shader/project.godot,miskatonicstudio/godot-experiments,version_events,Add ghost shader,False,False,False,4,,,0.1
2021-06-21,4a0bee6e0233292d78694f494e17c2073e7850c2,2021-06-21,content-at-commit,godot,ff0ff0b5bddc,initial,,,,,True,186c6f7be5b285d1c4597457f0514f1cba24e669,electric_wire_shader/project.godot,miskatonicstudio/godot-experiments,version_events,Add electric wire shader,False,False,False,4,,,0.1
2021-07-18,f564c926b82d70e021bf7ba21837467a4a0eb4a7,2021-07-18,content-at-commit,godot,ff0ff0b5bddc,initial,,,,,True,4a0bee6e0233292d78694f494e17c2073e7850c2,screen_distortion_shader/project.godot,miskatonicstudio/godot-experiments,version_events,Add screen distortion shader,False,False,False,4,,,0.1
2021-12-05,ad1e57f7de7fdb7daac626650bb39c3b16833e7b,2021-12-05,content-at-commit,godot,ff0ff0b5bddc,initial,,,,,True,7421c1d4b39adea8d6e29e12ef353f61e484d165,engine_flame_shader/project.godot,miskatonicstudio/godot-experiments,version_events,Add engine flame shader,True,False,False,4,,,0.1
2022-08-18,449557b63ba35514cc6d3ddedcc477c3b0f2c3b0,2022-08-18,content-at-commit,godot,ff0ff0b5bddc,initial,,,,,True,9c7bcda2a5dfa443726ffe52467f337e533a6bbc,aurora_borealis/project.godot,miskatonicstudio/godot-experiments,version_events,Add Aurora Borealis shader,False,False,False,4,,,0.1
2023-04-20,61d163891b407b97f06a786a1e5549e39c74edc6,2023-04-20,content-at-commit,godot,ff0ff0b5bddc,initial,,,,,True,103632b941caf02d6f1fdb7b7baaed00754eb9f7,shaders/electric_wire_shader/project.godot,miskatonicstudio/godot-experiments,version_events,"Upgrade ""Electric Wire Shader"" to Godot 4",True,True,True,5,4.0,2023-03-01,0.1
2023-05-21,e6c628fc5bf2f3f75fdda1a1f572b9fa9a9bc43c,2023-05-21,content-at-commit,godot,ff0ff0b5bddc,initial,,,,,True,f4cf160acabc50a9c6ad4d861e035d8a403e7ae2,shaders/screen_distortion_shader/project.godot,miskatonicstudio/godot-experiments,version_events,"Upgrade ""Screen Distortion Shader"" to Godot 4, move it to `shaders`",True,True,True,5,4.0,2023-03-01,0.1
2023-06-01,fad996ce45a661a0b9a14524013414033a91f405,2023-06-01,content-at-commit,godot,ff0ff0b5bddc,initial,,,,,True,e6c628fc5bf2f3f75fdda1a1f572b9fa9a9bc43c,shaders/uv_light_shader/project.godot,miskatonicstudio/godot-experiments,version_events,"Upgrade ""UV Light Shader"" to Godot 4, move it to `shaders`",True,True,True,5,4.0,2023-03-01,0.1
2023-06-07,0d8d5e31a72e7a63e6048373b3a75fff4cc44cf9,2023-06-07,content-at-commit,godot,ff0ff0b5bddc,initial,,,,,True,fad996ce45a661a0b9a14524013414033a91f405,shaders/pride_flag/project.godot,miskatonicstudio/godot-experiments,version_events,"Add ""Pride Flag"" shader (Godot 4 version)",True,False,True,5,4.0,2023-03-01,0.1
2023-06-07,4bbb7aa96ba9d8a6e05e8774baf829bf62ae758a,2023-06-07,content-at-commit,godot,ff0ff0b5bddc,initial,,,,,True,0d8d5e31a72e7a63e6048373b3a75fff4cc44cf9,shaders/pride_flag_shader/project.godot,miskatonicstudio/godot-experiments,version_events,"Move ""Pride Flag"" shader to `pride_flag_shader` folder",False,False,False,5,4.0,2023-03-01,0.1
2024-03-17,54660c8a67f77788a6aa26ee0756db58d37505f4,2024-03-17,content-at-commit,godot,ff0ff0b5bddc,initial,,,,,True,4bbb7aa96ba9d8a6e05e8774baf829bf62ae758a,fireflies_particles/project.godot,miskatonicstudio/godot-experiments,version_events,"Add ""Fireflies Particles"" project",False,False,False,5,4.1,2023-07-06,0.1
2024-03-20,342d4db4aa9e78f9771e5559805c5a3f5c69e3c9,2024-03-20,content-at-commit,godot,ff0ff0b5bddc,initial,,,,,True,54660c8a67f77788a6aa26ee0756db58d37505f4,shaders/aurora_borealis/project.godot,miskatonicstudio/godot-experiments,version_events,"Upgrade ""Aurora Borealis"" shader to Godot 4, move it to `shaders`",True,True,True,5,4.1,2023-07-06,0.1
2024-03-24,9c2a471d6c024f737f115f2677a80f894b568469,2024-03-24,content-at-commit,godot,ff0ff0b5bddc,initial,,,,,True,342d4db4aa9e78f9771e5559805c5a3f5c69e3c9,shaders/frosted_glass/project.godot,miskatonicstudio/godot-experiments,version_events,Add frosted glass shader,False,False,False,5,4.1,2023-07-06,0.1
2024-03-26,a9df3594bd04a2df391e77e34d2209bc0472f54d,2024-03-26,content-at-commit,godot,ff0ff0b5bddc,initial,,,,,True,9c2a471d6c024f737f115f2677a80f894b568469,shaders/raindrops_glass/project.godot,miskatonicstudio/godot-experiments,version_events,"Add ""Raindrops Glass"" shader",False,False,False,5,4.1,2023-07-06,0.1
2024-04-25,d29f68e506697cdec665e737cbc9ba9b422a8f66,2024-04-25,content-at-commit,godot,ff0ff0b5bddc,initial,,,,,True,52c706fa57b809f9cbe061b891bad8bb8eb62b19,shaders/hexagon_pattern/project.godot,miskatonicstudio/godot-experiments,version_events,"Add ""Hexagon pattern"" shader",False,False,False,5,4.1,2023-07-06,0.1
2024-04-28,f84b22ad859162843bcac15aa66cf0f8a6bd9844,2024-04-28,content-at-commit,godot,ff0ff0b5bddc,initial,,,,,True,d29f68e506697cdec665e737cbc9ba9b422a8f66,shaders/burning_paper/project.godot,miskatonicstudio/godot-experiments,version_events,Add burning paper shader,False,False,False,5,4.1,2023-07-06,0.1
2024-11-14,5857a0d56b505209eec7286c6f2b88f6108f2db3,2024-11-14,content-at-commit,godot,ff0ff0b5bddc,minor_upgrade,5,4.1,2,1,True,f84b22ad859162843bcac15aa66cf0f8a6bd9844,shaders/burning_paper/project.godot,miskatonicstudio/godot-experiments,version_events,"Upgrade burning paper shader to v4.3, add video (#12)",False,True,True,5,4.3,2024-08-15,0.1
2024-11-14,252012b4878de22ad53b0ae136748db9ba104998,2024-11-14,content-at-commit,godot,ff0ff0b5bddc,minor_upgrade,5,4.1,2,1,False,f84b22ad859162843bcac15aa66cf0f8a6bd9844,shaders/burning_paper/project.godot,miskatonicstudio/godot-experiments,version_events,"Upgrade burning paper shader to v4.3, add video",False,True,True,5,4.3,2024-08-15,0.1
2024-11-24,ae09ead41cbd96ea36d660fe97bd9c8a537e7d6e,2024-11-24,content-at-commit,godot,ff0ff0b5bddc,minor_upgrade,5,4.1,2,1,True,5857a0d56b505209eec7286c6f2b88f6108f2db3,shaders/raindrops_glass/project.godot,miskatonicstudio/godot-experiments,version_events,"Upgrade raindrops glass shader to v4.3, add video (#13)",False,True,True,5,4.3,2024-08-15,0.1
2024-11-24,4c6d226149a0294ddbeb3bf1aad5545e66b1f49a,2024-11-24,content-at-commit,godot,ff0ff0b5bddc,minor_upgrade,5,4.1,2,1,False,5857a0d56b505209eec7286c6f2b88f6108f2db3,shaders/raindrops_glass/project.godot,miskatonicstudio/godot-experiments,version_events,"Upgrade raindrops glass shader to v4.3, add video",False,True,True,5,4.3,2024-08-15,0.1
2024-12-04,6a7e65e9e35d0f177daa6c4455818e54d25b25b5,2024-12-04,content-at-commit,godot,ff0ff0b5bddc,initial,,,,,True,ae09ead41cbd96ea36d660fe97bd9c8a537e7d6e,shaders/uv_light/project.godot,miskatonicstudio/godot-experiments,version_events,"Upgrade UV light shader to v4.3, add video (#14)",False,True,True,5,4.3,2024-08-15,0.1
2024-12-04,8e5060ac6accfc5c5962b76763f5363d5a776a7e,2024-12-04,content-at-commit,godot,ff0ff0b5bddc,initial,,,,,False,ae09ead41cbd96ea36d660fe97bd9c8a537e7d6e,shaders/uv_light/project.godot,miskatonicstudio/godot-experiments,version_events,"Upgrade UV light shader to v4.3, add video",False,True,True,5,4.3,2024-08-15,0.1
2025-01-23,3a93fd9c3b4cd7a50ec3d79182d96670a8556028,2025-01-23,content-at-commit,godot,ff0ff0b5bddc,minor_upgrade,5,4.1,2,1,True,6a7e65e9e35d0f177daa6c4455818e54d25b25b5,shaders/frosted_glass/project.godot,miskatonicstudio/godot-experiments,version_events,"Upgrade frosted glass shader to v4.3, add video (#15)",False,True,True,5,4.3,2024-08-15,0.1
2025-01-23,fc3c8a8aa3c9aef111d8861a9f0d2445e6d6c25f,2025-01-23,content-at-commit,godot,ff0ff0b5bddc,minor_upgrade,5,4.1,2,1,False,6a7e65e9e35d0f177daa6c4455818e54d25b25b5,shaders/frosted_glass/project.godot,miskatonicstudio/godot-experiments,version_events,"Upgrade frosted glass shader to v4.3, add video",False,True,True,5,4.3,2024-08-15,0.1
2025-01-27,61a33ed3746b5e03559cef7bd3a5b5e0299fa5de,2025-01-27,content-at-commit,godot,ff0ff0b5bddc,initial,,,,,True,3a93fd9c3b4cd7a50ec3d79182d96670a8556028,shaders/cyberpunk_scanner/project.godot,miskatonicstudio/godot-experiments,version_events,"Add ""Cyberpunk scanner"" shader (#16)",False,False,False,5,4.3,2024-08-15,0.1
2025-01-27,0a32f65d508933f16e6f8de554db42ea8660b501,2025-01-27,content-at-commit,godot,ff0ff0b5bddc,initial,,,,,False,3a93fd9c3b4cd7a50ec3d79182d96670a8556028,shaders/cyberpunk_scanner/project.godot,miskatonicstudio/godot-experiments,version_events,"Add ""Cyberpunk scanner"" shader",False,False,False,5,4.3,2024-08-15,0.1
2025-02-02,ba337ab7de7dc8a12f2c971bf4be60c0a98acf93,2025-02-02,content-at-commit,godot,ff0ff0b5bddc,minor_upgrade,5,4.1,2,1,True,bb9a938e3e50fdb800a0fd7ee030d6719610e8ba,shaders/aurora_borealis/project.godot,miskatonicstudio/godot-experiments,version_events,"Upgrade Aurora Borealis shader to v4.3, add video (#18)",False,True,True,5,4.3,2024-08-15,0.1
2025-02-02,290acf01cbb2a0dc7bb75df390c410112520dc1a,2025-02-02,content-at-commit,godot,ff0ff0b5bddc,minor_upgrade,5,4.1,2,1,False,bb9a938e3e50fdb800a0fd7ee030d6719610e8ba,shaders/aurora_borealis/project.godot,miskatonicstudio/godot-experiments,version_events,"Upgrade Aurora Borealis shader to v4.3, add video",False,True,True,5,4.3,2024-08-15,0.1
2025-10-24,896f43f31ff1bd35a181277b90f7f7aac208777c,2025-10-24,content-at-commit,godot,ff0ff0b5bddc,initial,,,,,True,2e76e755aababe7926206b759d542c8fa7faaa6f,shaders/electric_wire/project.godot,miskatonicstudio/godot-experiments,version_events,Remove 'shader' from names of shaders,False,False,False,5,4.0,2023-03-01,0.1
2025-10-24,21f4650f20c9f79cb9370a713fe2d1e987ae3e2b,2025-10-24,content-at-commit,godot,ff0ff0b5bddc,minor_upgrade,5,4.0,3,2,True,896f43f31ff1bd35a181277b90f7f7aac208777c,shaders/pride_flag/project.godot,miskatonicstudio/godot-experiments,version_events,Add a video to pride flag and upgrade to Godot 4.3 (#22),True,True,True,5,4.3,2024-08-15,0.1
2025-10-24,995bc7c86ccb00f14248227a1afabcd7023c3503,2025-10-24,content-at-commit,godot,ff0ff0b5bddc,minor_upgrade,5,4.0,3,2,False,896f43f31ff1bd35a181277b90f7f7aac208777c,shaders/pride_flag/project.godot,miskatonicstudio/godot-experiments,version_events,Add a video to pride flag and upgrade to Godot 4.3,True,True,True,5,4.3,2024-08-15,0.1
2025-10-24,896f43f31ff1bd35a181277b90f7f7aac208777c,2025-10-24,content-at-commit,godot,ff0ff0b5bddc,initial,,,,,True,2e76e755aababe7926206b759d542c8fa7faaa6f,shaders/pride_flag/project.godot,miskatonicstudio/godot-experiments,version_events,Remove 'shader' from names of shaders,False,False,False,5,4.0,2023-03-01,0.1
2025-10-24,896f43f31ff1bd35a181277b90f7f7aac208777c,2025-10-24,content-at-commit,godot,ff0ff0b5bddc,initial,,,,,True,2e76e755aababe7926206b759d542c8fa7faaa6f,shaders/screen_distortion/project.godot,miskatonicstudio/godot-experiments,version_events,Remove 'shader' from names of shaders,False,False,False,5,4.0,2023-03-01,0.1
2025-12-10,584d1b1c847ee3108656e07b5265d32978d3118a,2025-12-10,content-at-commit,godot,ff0ff0b5bddc,initial,,,,,True,21f4650f20c9f79cb9370a713fe2d1e987ae3e2b,shaders/gol-godot/project.godot,miskatonicstudio/godot-experiments,version_events,Add GoL Godot shader (#23),True,False,False,5,4.3,2024-08-15,0.1
2025-12-10,01df602f63b28db8e24ccba3902665513f6ac080,2025-12-10,content-at-commit,godot,ff0ff0b5bddc,initial,,,,,False,21f4650f20c9f79cb9370a713fe2d1e987ae3e2b,shaders/gol-godot/project.godot,miskatonicstudio/godot-experiments,version_events,Add GoL Godot shader,True,False,False,5,4.3,2024-08-15,0.1
2026-02-19,ff44c66e3ef24e565aa33ccf1ea3a163db047666,2026-02-19,content-at-commit,godot,ff0ff0b5bddc,initial,,,,,True,19735bf734e0e6e48c9501c76830397fa3fd94ad,shaders/gol_godot/project.godot,miskatonicstudio/godot-experiments,version_events,Move gol-godot to gol_godot and improve video (#24),True,False,False,5,4.3,2024-08-15,0.1
2026-02-19,1bbb014b9c7b08e5367cf8e24b3d57010cf1cc24,2026-02-19,content-at-commit,godot,ff0ff0b5bddc,initial,,,,,False,19735bf734e0e6e48c9501c76830397fa3fd94ad,shaders/gol_godot/project.godot,miskatonicstudio/godot-experiments,version_events,Move gol-godot to gol_godot and improve video,True,False,False,5,4.3,2024-08-15,0.1
2019-12-09,9101061269c34abd43f01beeb9045ccfa908137d,2019-12-09,content-at-commit,godot,ff0ff0b5bddc,initial,,,,,True,,project.godot,benc-uk/super-dungeon-delve,version_events,ok,False,False,False,4,,,0.1
2020-12-08,aad2907106c270ca9998c33df6a6ad68033056ac,2020-12-08,content-at-commit,godot,ff0ff0b5bddc,initial,,,,,True,,godot/project.godot,gdquest-demos/godot-2d-tactical-rpg-movement,version_events,Add TRPG movement,False,False,False,4,,,0.1
2020-12-08,527645e99061745e0333c35a8b61e69a3f3d88c7,2020-12-08,content-at-commit,godot,ff0ff0b5bddc,initial,,,,,True,38b76bc917033e62986ea7fabc51f8ae9a7be933,start-project/project.godot,gdquest-demos/godot-2d-tactical-rpg-movement,version_events,"Rename start project, add Map.tscn",False,False,False,4,,,0.1
2020-12-08,aa89c7d0560b7324be3c1472cc23dbf14f19e3a8,2020-12-08,content-at-commit,godot,ff0ff0b5bddc,initial,,,,,True,aad2907106c270ca9998c33df6a6ad68033056ac,start/project.godot,gdquest-demos/godot-2d-tactical-rpg-movement,version_events,Add start project,False,False,False,4,,,0.1
2023-05-08,41dda3bdde69ef0c6aa6f762cb4c84db08d76c73,2023-05-08,content-at-commit,godot,ff0ff0b5bddc,initial,,,,,True,4ec3f02e6307e7b293fcc2262cf93f654facc793,godot4/project.godot,gdquest-demos/godot-2d-tactical-rpg-movement,version_events,feat: add Godot 4 version of the project (#3),True,False,True,5,4.0,2023-03-01,0.1
2020-10-09,6abd9b352c42b33b08e93df1e9cfff135b57c907,2020-10-09,content-at-commit,godot,ff0ff0b5bddc,initial,,,,,True,,source/project.godot,opensuspect/opensuspect-legacy,version_events,The First Commit,False,False,False,4,,,0.1
2020-10-10,654a48484545d94f9c5787325e95fa5e9e2001fe,2020-10-10,content-at-commit,godot,ff0ff0b5bddc,initial,,,,,True,55b27d2497c4164794e4bd54eb2c3aa58d4a1eee,src/project.godot,opensuspect/opensuspect-legacy,version_events,Organise project,False,False,False,4,,,0.1
2019-07-31,4f6a0c396e1ebd630a03800d101bb3ac688ad3e7,2019-07-31,content-at-commit,godot,ff0ff0b5bddc,initial,,,,,True,,project.godot,ja-brouil/TBS_GoDot,version_events,Initial Commit,False,False,False,4,,,0.1
2019-01-25,1bbe538e3fb69d2fdd9662e3df4336263ca16386,2019-01-25,content-at-commit,godot,ff0ff0b5bddc,initial,,,,,True,58c1c44f47a65891f2c67dfa66f382a770e3e467,demo/project.godot,heraldofgargos/godot-fmod-integration,version_events,extended event bindings,False,False,False,4,,,0.1
2022-06-20,2339054f388ee7a09ab70ae17e6a1d6df7944980,2022-06-20,content-at-commit,godot,ff0ff0b5bddc,initial,,,,,True,,source/project.godot,ninstar/Rich-Presence-U,version_events,Rebase repository,False,False,False,4,,,0.1
2018-05-13,438f3d12679b2033fafa80ffbe9010c54a822d10,2018-05-13,content-at-commit,godot,ff0ff0b5bddc,initial,,,,,True,,project.godot,Bauxitedev/godot-texture-painter,version_events,First commit,False,False,False,3,,,0.1
2018-05-14,094ae293b27b0eb9b9bd2efcb5b0d208537100b2,2018-05-14,content-at-commit,godot,ff0ff0b5bddc,major_rollback,4,,,,True,7a212adff5b83ea5a26947698eb62277ca142329,project.godot,Bauxitedev/godot-texture-painter,version_events,Brush hardness working again,False,False,False,3,,,0.1
2018-05-14,7a212adff5b83ea5a26947698eb62277ca142329,2018-05-14,content-at-commit,godot,ff0ff0b5bddc,major_migration,3,,,,True,91501ed38508f3d4e4fa11c7cb2db0e44f6d19bd,project.godot,Bauxitedev/godot-texture-painter,version_events,editor rework,False,False,False,4,,,0.1
2019-07-07,af95fcd74dc79222817b0e78294b529baac72ad5,2019-07-07,content-at-commit,godot,ff0ff0b5bddc,major_migration,3,,,,True,a13fd64824facc92dfd98b70dcad4eb171fd25e4,project.godot,Bauxitedev/godot-texture-painter,version_events,"Ported to Godot 3.1.1, fixes #12",True,True,True,4,,,0.1
2021-02-23,e31d5d383b35ff455f8e2a4d1b5c86efa1641bde,2021-02-23,content-at-commit,godot,ff0ff0b5bddc,initial,,,,,True,096b1407ae05eaa950de25a9430d7aa324a8abc7,project.godot,empyreanx/godot-state-sync-demo,version_events,Convert to godot3,True,True,True,4,,,0.1
2025-12-08,d5433aaf4b4424aa06c8fea5ae136f81be0f850a,2025-12-08,content-at-commit,godot,ff0ff0b5bddc,major_migration,4,,,,False,76ee5674b568f4c7b35708ca3e217b34a6b58ebe,project.godot,empyreanx/godot-state-sync-demo,version_events,Imported project into Godot 4,True,False,True,5,4.5,2025-09-15,0.1
2020-02-01,9acd6abd7d097496668ff141702d1dd68aa7adbd,2020-02-01,content-at-commit,godot,ff0ff0b5bddc,initial,,,,,True,07822091220025e0b8339e692e63f179da7a619c,test_project/project.godot,yeslayla/build-godot-action,version_events,Scripts changes & Test,False,False,False,4,,,0.1
2023-07-10,92a759bf66495e380f4f4c8970a87165888700d1,2025-03-04,content-at-commit,godot,ff0ff0b5bddc,initial,,,,,True,7f89f866c877ccd5dc5e1cf0e898bec1954e7e5b,3.x_test_project/project.godot,yeslayla/build-godot-action,version_events,Update entrypoint.sh (#22),False,False,False,4,,,0.1
2023-07-10,f362e14dc5d8290ac81ee3ed7c799242dd3215af,2023-07-10,content-at-commit,godot,ff0ff0b5bddc,initial,,,,,False,7773d38d12a40af06466dffd5e3749a79497cb4d,3.x_test_project/project.godot,yeslayla/build-godot-action,version_events,Update entrypoint.sh (#22),False,False,False,4,,,0.1
2023-07-10,92a759bf66495e380f4f4c8970a87165888700d1,2025-03-04,content-at-commit,godot,ff0ff0b5bddc,initial,,,,,True,7f89f866c877ccd5dc5e1cf0e898bec1954e7e5b,4.x_test_project/project.godot,yeslayla/build-godot-action,version_events,Update entrypoint.sh (#22),False,False,False,5,4.0,2023-03-01,0.1
2023-07-10,f362e14dc5d8290ac81ee3ed7c799242dd3215af,2023-07-10,content-at-commit,godot,ff0ff0b5bddc,initial,,,,,False,7773d38d12a40af06466dffd5e3749a79497cb4d,4.x_test_project/project.godot,yeslayla/build-godot-action,version_events,Update entrypoint.sh (#22),False,False,False,5,4.0,2023-03-01,0.1
2020-07-10,f6beff77eacfea9cd3f130c847f81b8a0dac02a9,2020-07-10,content-at-commit,godot,ff0ff0b5bddc,initial,,,,,True,6e512b829cfb6ea42e9d8a42e97f168a56a8a026,project.godot,geegaz/A-Key-s-Path,version_events,Added project files,False,False,False,4,,,0.1
2021-12-09,1a95b3b5a93c95246cf33adaf690109382d58e23,2021-12-09,content-at-commit,godot,ff0ff0b5bddc,initial,,,,,True,,project.godot,mayank-prasoon/world-maker,version_events,fresh project,False,False,False,4,,,0.1
2022-07-14,1e0cfd64992123eea97fb5dd9f2b854353393c1e,2022-07-14,content-at-commit,godot,ff0ff0b5bddc,initial,,,,,False,cdcbe414274baa92791cda90fa2b2120c1866224,project_folder/project.godot,mayank-prasoon/world-maker,version_events,renamed the project folder and added .gitignore,False,False,False,4,,,0.1
2023-02-27,e70f893e6c6b39465f363ea2ddcf46b7b53c5280,2023-02-27,content-at-commit,godot,ff0ff0b5bddc,major_migration,4,,,,False,f8ca3a4c134dabec66a4ff8d5014f25c15fb8698,project_folder/project.godot,mayank-prasoon/world-maker,version_events,initial conversion to godot 4.0,True,False,True,5,,,0.1
2019-10-23,e59d3db7ba3a84e1938fc10c507eee0802288143,2019-10-23,content-at-commit,godot,b3ee52f06d1c,initial,,,,,True,403304dc6ac347c164a8d9e8469d44df16f9a15d,project.godot,SIsilicon/Godot-God-Rays-Plugin,version_events,v1.0 - Initial Commit,False,False,False,4,,,0.1
2020-05-22,a78ed378c949f6853d9007a7bd3ee3a725e9dc15,2020-05-22,content-at-commit,godot,b3ee52f06d1c,initial,,,,,True,aef122c2aa016ca57ad1087194cd806c420bdd24,godot/pcg/world-map/project.godot,gdquest-demos/godot-mini-tuts-demos,version_events,Add shader-based world map demo,False,False,False,4,,,0.1
2020-07-03,f77fafc487cd1ddbee75c637008f53829bc9fca4,2020-07-03,content-at-commit,godot,b3ee52f06d1c,initial,,,,,True,292b3109d703d1304a7b4bcaa9a1bad5f2d36937,2d/stomp-mechanic/project.godot,gdquest-demos/godot-mini-tuts-demos,version_events,Add stomp mechanic demo,False,False,False,4,,,0.1
2020-07-03,292b3109d703d1304a7b4bcaa9a1bad5f2d36937,2020-07-03,content-at-commit,godot,b3ee52f06d1c,initial,,,,,True,a78ed378c949f6853d9007a7bd3ee3a725e9dc15,pcg/world-map/project.godot,gdquest-demos/godot-mini-tuts-demos,version_events,Move pcg directory to the repository's root,False,False,False,4,,,0.1
2020-07-08,47a2de783c78e27ea3a61274521bc20718cd73ed,2020-07-08,content-at-commit,godot,b3ee52f06d1c,initial,,,,,True,3d1e4a0d2ef83ffce70b05af3672f2da571afadc,Audio/Pickup Sound Effects/project.godot,gdquest-demos/godot-mini-tuts-demos,version_events,Add pickup sound effect demo,False,False,False,4,,,0.1
2020-07-15,d7a8ca18e3733073eae346ba98d268e94a1af1ca,2020-07-15,content-at-commit,godot,b3ee52f06d1c,initial,,,,,True,3e936560e56d8de1f6f4f8f70a54c74752283a28,audio/background-music/project.godot,gdquest-demos/godot-mini-tuts-demos,version_events,Add background music demo,False,False,False,4,,,0.1
2020-07-15,3e936560e56d8de1f6f4f8f70a54c74752283a28,2020-07-15,content-at-commit,godot,b3ee52f06d1c,initial,,,,,True,7a97fbdaa436853411f2dd2a07158abb903e1eb4,audio/pickup-sound-effect/project.godot,gdquest-demos/godot-mini-tuts-demos,version_events,Rename pickup sound effect folder,False,False,False,4,,,0.1
2020-07-17,eca89fa737e52f7c59857ef4e791dc7b7480cfc2,2020-07-17,content-at-commit,godot,b3ee52f06d1c,initial,,,,,True,d7a8ca18e3733073eae346ba98d268e94a1af1ca,audio/background-music-transition/project.godot,gdquest-demos/godot-mini-tuts-demos,version_events,Add background music crossfade,False,False,False,4,,,0.1
2020-07-18,4031c760bc78cb97b22b4ae92b8c879d84138340,2020-07-18,content-at-commit,godot,b3ee52f06d1c,initial,,,,,True,eca89fa737e52f7c59857ef4e791dc7b7480cfc2,audio/volume-slider/project.godot,gdquest-demos/godot-mini-tuts-demos,version_events,Add volume slider demo,False,False,False,4,,,0.1
2020-07-23,ec1b7e9f5788b35e67d162939d33b5742eca9ad3,2020-07-23,content-at-commit,godot,b3ee52f06d1c,initial,,,,,True,f1b219cf0ce413da38ebb18fb75e724989eecd71,2d/transition-rect/project.godot,gdquest-demos/godot-mini-tuts-demos,version_events,Add scene transition demo,False,False,False,4,,,0.1
2020-07-24,a255b2abcbc9af487d199fb56ccf68843a99cb83,2020-07-24,content-at-commit,godot,b3ee52f06d1c,initial,,,,,True,ec1b7e9f5788b35e67d162939d33b5742eca9ad3,2d/local-multiplayer-input/project.godot,gdquest-demos/godot-mini-tuts-demos,version_events,Add local multiplayer mini demo,False,False,False,4,,,0.1
2020-07-24,b5f5373c921372df4d3d7ed742f52a3e0102d5f1,2020-07-24,content-at-commit,godot,b3ee52f06d1c,initial,,,,,True,a255b2abcbc9af487d199fb56ccf68843a99cb83,2d/spawning/project.godot,gdquest-demos/godot-mini-tuts-demos,version_events,Add object spawning mini tutorial,False,False,False,4,,,0.1
2020-09-21,1f64306313eb434ea85175e17e7e073a949673ea,2020-09-21,content-at-commit,godot,b3ee52f06d1c,initial,,,,,True,b9e9dd8cb515e68564fecfc70e6f63f347ce1063,2d/lighting-with-normal-maps/project.godot,gdquest-demos/godot-mini-tuts-demos,version_events,Add 2D Normal Map demo,False,False,False,4,,,0.1
2020-09-21,5a5bb061c9d4abe074ac8957ef95514135b5a390,2020-09-21,content-at-commit,godot,b3ee52f06d1c,initial,,,,,True,1f64306313eb434ea85175e17e7e073a949673ea,2d/limited-player-vision/project.godot,gdquest-demos/godot-mini-tuts-demos,version_events,Add limited player vision mini tutorial,False,False,False,4,,,0.1
2020-09-28,7bb7e0b8b522241e081667ea3315f20a23717bef,2020-09-28,content-at-commit,godot,b3ee52f06d1c,initial,,,,,True,7a51426f55e61438c78350090c13363b708393dc,2d/character-customization/project.godot,gdquest-demos/godot-mini-tuts-demos,version_events,Add character customization demo,False,False,False,4,,,0.1
2020-10-03,4e6fef695ac891c668c08c7d853ed785bd70e265,2020-10-03,content-at-commit,godot,b3ee52f06d1c,initial,,,,,True,17e733064863ef1b792525983054f790c6065085,2d/camera-zoom/project.godot,gdquest-demos/godot-mini-tuts-demos,version_events,First draft of the demo,False,False,False,4,,,0.1
2020-10-09,db6116c61dd526bdc453cc57d3560068705341e6,2020-10-11,content-at-commit,godot,b3ee52f06d1c,initial,,,,,True,1a62c71a7b92aee79e57d136e0a671fdbb201885,2d/settings-demo/project.godot,gdquest-demos/godot-mini-tuts-demos,version_events,Add settings on run-time demo,False,False,False,4,,,0.1
2020-10-12,c55c90b2c5b316d5313e11233ce9d43bb88893af,2020-10-12,content-at-commit,godot,b3ee52f06d1c,initial,,,,,True,1a62c71a7b92aee79e57d136e0a671fdbb201885,2d/anchor-camera/project.godot,gdquest-demos/godot-mini-tuts-demos,version_events,First version of anchor camera tut,False,False,False,4,,,0.1
2020-11-16,ff1ab66f7236fbd2712df5a0928d580291bb7bd1,2020-11-16,content-at-commit,godot,b3ee52f06d1c,initial,,,,,True,e7c4646ea1a99bfc2be4f31edf66ce78bda69f04,2d/tactical-rpg-movement/project.godot,gdquest-demos/godot-mini-tuts-demos,version_events,Add tactical rpg movement prototype,False,False,False,4,,,0.1
2020-11-23,685b6c3ab8a6c15de222a2c9dfe8d1d78f9c2b22,2021-01-15,content-at-commit,godot,b3ee52f06d1c,initial,,,,,True,5ccf74848435c0979859d29a70e6cf2cad85085f,2d/visibility-notifier-and-enabler/project.godot,gdquest-demos/godot-mini-tuts-demos,version_events,Add visibility notifier/enabler mini demo,False,False,False,4,,,0.1
2020-12-31,742f03f827ef42ef091d8b6999e7c99e6b8ea864,2020-12-31,content-at-commit,godot,b3ee52f06d1c,initial,,,,,True,8d523f1cdcd6676db999e17b431fade48cd23cbd,2d/SideScrolling-Movements/project.godot,gdquest-demos/godot-mini-tuts-demos,version_events,Four SideScrolling Movements implemented,False,False,False,4,,,0.1
2020-12-31,742f03f827ef42ef091d8b6999e7c99e6b8ea864,2020-12-31,content-at-commit,godot,b3ee52f06d1c,initial,,,,,True,8d523f1cdcd6676db999e17b431fade48cd23cbd,2d/kinematicBody2D-topdown-movement/project.godot,gdquest-demos/godot-mini-tuts-demos,version_events,Four SideScrolling Movements implemented,False,False,False,4,,,0.1
2021-01-05,ba98bf39e3af98344977b2a04754df432fe11b5c,2021-01-05,content-at-commit,godot,b3ee52f06d1c,initial,,,,,True,7937eb47ca66a95917a0d8b4658d3c22558f7863,2d/top-down-movement/project.godot,gdquest-demos/godot-mini-tuts-demos,version_events,Rename kinematicBody2D-topdown-movement/ to top-down-movement/,False,False,False,4,,,0.1
2021-01-06,50b1a2dd796674c0713fcac538ea06091f8b6350,2021-01-06,content-at-commit,godot,b3ee52f06d1c,initial,,,,,True,f6b51f697934fbf1436dcbcc45e1a44746ed85d6,2d/side-scrolling-movement/project.godot,gdquest-demos/godot-mini-tuts-demos,version_events,"Rename side-scrolling movement project, clean up files",False,False,False,4,,,0.1
2021-01-11,05e069be909f9f78f479f88802fed4cd5d7bfc21,2021-01-11,content-at-commit,godot,b3ee52f06d1c,initial,,,,,True,c87dec89a144d2927404d97c4cf19861f834935a,shaders/silhouette2D/project.godot,gdquest-demos/godot-mini-tuts-demos,version_events,Add silhouette mini tutorial,False,False,False,4,,,0.1
2022-12-14,b5f86b628fd4db7278509ba46d49f5f7bae839fe,2022-12-14,content-at-commit,godot,b3ee52f06d1c,initial,,,,,True,,project.godot,Tralexium/Chippy_Avoidance,version_events,first commit,False,False,False,4,,,0.1
2020-03-03,bebd7128df8ad51d3674911abbb09364bf06cb58,2020-03-03,content-at-commit,godot,b3ee52f06d1c,initial,,,,,True,161d2cdb6486ee074b4630e9277a611e90e66a49,project.godot,Miziziziz/ThineCometh,version_events,game 1.0 done,False,False,False,4,,,0.1
2022-11-14,464a0d7bae41967fa4bd20837665df1a21488a22,2022-11-14,content-at-commit,godot,b3ee52f06d1c,initial,,,,,True,9da26a6d52d08ef4e2fe596ec1cd5663c4bbc559,2d-lighting/demo/project.godot,bitbrain/godot-tutorials,version_events,Initial commit,False,False,False,4,,,0.1
2022-11-14,464a0d7bae41967fa4bd20837665df1a21488a22,2022-11-14,content-at-commit,godot,b3ee52f06d1c,initial,,,,,True,9da26a6d52d08ef4e2fe596ec1cd5663c4bbc559,2d-lighting/godot-project/project.godot,bitbrain/godot-tutorials,version_events,Initial commit,False,False,False,4,,,0.1
2022-11-14,464a0d7bae41967fa4bd20837665df1a21488a22,2022-11-14,content-at-commit,godot,b3ee52f06d1c,initial,,,,,True,9da26a6d52d08ef4e2fe596ec1cd5663c4bbc559,behaviour-tree/demo/project.godot,bitbrain/godot-tutorials,version_events,Initial commit,False,False,False,4,,,0.1
2022-11-14,464a0d7bae41967fa4bd20837665df1a21488a22,2022-11-14,content-at-commit,godot,b3ee52f06d1c,initial,,,,,True,9da26a6d52d08ef4e2fe596ec1cd5663c4bbc559,behaviour-tree/godot-project/project.godot,bitbrain/godot-tutorials,version_events,Initial commit,False,False,False,4,,,0.1
2022-11-14,464a0d7bae41967fa4bd20837665df1a21488a22,2022-11-14,content-at-commit,godot,b3ee52f06d1c,initial,,,,,True,9da26a6d52d08ef4e2fe596ec1cd5663c4bbc559,navigation-server/demo/project.godot,bitbrain/godot-tutorials,version_events,Initial commit,False,False,False,4,,,0.1
2022-11-14,464a0d7bae41967fa4bd20837665df1a21488a22,2022-11-14,content-at-commit,godot,b3ee52f06d1c,initial,,,,,True,9da26a6d52d08ef4e2fe596ec1cd5663c4bbc559,navigation-server/godot-project/project.godot,bitbrain/godot-tutorials,version_events,Initial commit,False,False,False,4,,,0.1
2022-11-14,464a0d7bae41967fa4bd20837665df1a21488a22,2022-11-14,content-at-commit,godot,b3ee52f06d1c,initial,,,,,True,9da26a6d52d08ef4e2fe596ec1cd5663c4bbc559,parallax-scrolling/demo/project.godot,bitbrain/godot-tutorials,version_events,Initial commit,False,False,False,4,,,0.1
2022-11-14,464a0d7bae41967fa4bd20837665df1a21488a22,2022-11-14,content-at-commit,godot,b3ee52f06d1c,initial,,,,,True,9da26a6d52d08ef4e2fe596ec1cd5663c4bbc559,parallax-scrolling/godot-project/project.godot,bitbrain/godot-tutorials,version_events,Initial commit,False,False,False,4,,,0.1
2022-11-14,464a0d7bae41967fa4bd20837665df1a21488a22,2022-11-14,content-at-commit,godot,b3ee52f06d1c,initial,,,,,True,9da26a6d52d08ef4e2fe596ec1cd5663c4bbc559,procedural-caves/demo/project.godot,bitbrain/godot-tutorials,version_events,Initial commit,False,False,False,4,,,0.1
2022-11-14,464a0d7bae41967fa4bd20837665df1a21488a22,2022-11-14,content-at-commit,godot,b3ee52f06d1c,initial,,,,,True,9da26a6d52d08ef4e2fe596ec1cd5663c4bbc559,procedural-caves/godot-project/project.godot,bitbrain/godot-tutorials,version_events,Initial commit,False,False,False,4,,,0.1
2022-11-14,464a0d7bae41967fa4bd20837665df1a21488a22,2022-11-14,content-at-commit,godot,b3ee52f06d1c,initial,,,,,True,9da26a6d52d08ef4e2fe596ec1cd5663c4bbc559,rpg-animations/demo/project.godot,bitbrain/godot-tutorials,version_events,Initial commit,False,False,False,4,,,0.1
2022-11-14,464a0d7bae41967fa4bd20837665df1a21488a22,2022-11-14,content-at-commit,godot,b3ee52f06d1c,initial,,,,,True,9da26a6d52d08ef4e2fe596ec1cd5663c4bbc559,rpg-animations/godot-project/project.godot,bitbrain/godot-tutorials,version_events,Initial commit,False,False,False,4,,,0.1
2022-11-14,464a0d7bae41967fa4bd20837665df1a21488a22,2022-11-14,content-at-commit,godot,b3ee52f06d1c,initial,,,,,True,9da26a6d52d08ef4e2fe596ec1cd5663c4bbc559,xbox-controller-support/demo/project.godot,bitbrain/godot-tutorials,version_events,Initial commit,False,False,False,4,,,0.1
2022-11-14,464a0d7bae41967fa4bd20837665df1a21488a22,2022-11-14,content-at-commit,godot,b3ee52f06d1c,initial,,,,,True,9da26a6d52d08ef4e2fe596ec1cd5663c4bbc559,xbox-controller-support/godot-project/project.godot,bitbrain/godot-tutorials,version_events,Initial commit,False,False,False,4,,,0.1
2023-05-08,5437b635cf47d35cf1c979d77dc8a37c0a2ce2c9,2023-05-08,content-at-commit,godot,b3ee52f06d1c,initial,,,,,False,9f92ab7864270cd0f596aa9dc5db172dfde79a37,project.godot,bitbrain/godot-tutorials,version_events,initial assets,False,False,False,5,4.0,2023-03-01,0.1
2024-03-18,37e5788a6d2bc440133d40aab7afaad5c63afc06,2024-03-18,content-at-commit,godot,b3ee52f06d1c,minor_upgrade,5,4.0,3,2,False,8c4105e879120f5b494f5b212f6df8633fa47131,project.godot,bitbrain/godot-tutorials,version_events,parallax scrolling,False,False,False,5,4.3,2024-08-15,0.1
2025-03-29,4777c7ed17a4ea7a3c6016fe3368fb1074070614,2025-03-29,content-at-commit,godot,b3ee52f06d1c,minor_upgrade,5,4.0,5,4,False,8c4105e879120f5b494f5b212f6df8633fa47131,project.godot,bitbrain/godot-tutorials,version_events,Migrate to Godot 4.4,True,True,True,5,4.4,2025-03-03,0.1
2019-04-17,db9a70a820715083a2818b823f085540766be236,2019-04-17,content-at-commit,godot,b3ee52f06d1c,initial,,,,,True,a44b423ab10c60c5949f5e591a0a10ec1e5f5f1b,project.godot,kidscancode/circle_jump,version_events,Project start,False,False,False,4,,,0.1
2020-08-25,4ab535dae9bafadea79e203fda8f6d8052b51adf,2020-08-25,content-at-commit,godot,b3ee52f06d1c,initial,,,,,True,,project.godot,gdquest-demos/godot-2d-rhythm,version_events,Initial commit,False,False,False,4,,,0.1
2020-08-26,1f21eea16bab793bd51e56e740ba8d0c0e2b8caa,2020-08-26,content-at-commit,godot,b3ee52f06d1c,initial,,,,,True,84e840c8dc8d59b53c5f20f298a1a4bbfd8d36fb,godot/project.godot,gdquest-demos/godot-2d-rhythm,version_events,Prepare for repository,False,False,False,4,,,0.1
2020-12-24,0f4eb483836e432e9241d9146ecc7c3532a27a44,2020-12-24,content-at-commit,godot,b3ee52f06d1c,initial,,,,,True,8e17c7aa09d8ffe3bca92e6f7759d9c47d0178f0,start-project/project.godot,gdquest-demos/godot-2d-rhythm,version_events,Add start project,False,False,False,4,,,0.1
2021-01-27,9b4a7ca84ba8055ab867b5bc26f54816f8902f4b,2021-01-27,content-at-commit,godot,b3ee52f06d1c,initial,,,,,True,d05e92fe6c0dfbac2c2ed0e734e15bf07143ae0d,Project/FirstGame/project.godot,AhmedElTabarani/learnGodotArabic,version_events,ارفاق اول مشروع,False,False,False,4,,,0.1
2019-03-16,d8e255e03c56ec56ea29a06499683e32e77ef8c7,2019-03-16,content-at-commit,godot,b3ee52f06d1c,initial,,,,,True,,Source Code/project.godot,marmitoTH/Godot-Sonic-Physics,version_events,init,False,False,False,4,,,0.1
2021-04-06,1e388a29b73754ac385c41d15e83c352e72a8fb2,2021-04-06,content-at-commit,godot,b3ee52f06d1c,initial,,,,,True,,project.godot,samdze/godot-launcher,version_events,First very basic alpha of the launcher,False,False,False,4,,,0.1
2021-06-14,0e9023a82c632c295362dda71d66716f52488c95,2021-06-14,content-at-commit,godot,b3ee52f06d1c,initial,,,,,True,,project.godot,Mad-Cookies-Studio/mad-productivity,version_events,ADD: Init,False,False,False,4,,,0.1
2020-07-25,44d4e8a9580ccd0797d1acfcd28fc6ec3dfcb7d4,2020-07-25,content-at-commit,godot,b3ee52f06d1c,initial,,,,,True,,gd-ecs-project/project.godot,jonchun/gd-ecs,version_events,Initial Commit,False,False,False,4,,,0.1
2021-06-16,21a2456bf123d8de2685b30e58752af8a038bc03,2021-06-16,content-at-commit,godot,b3ee52f06d1c,initial,,,,,True,,project.godot,DusanFedorcak/mmo,version_events,initial,False,False,False,4,,,0.1
2021-03-12,e06fac5e5ccc1a75b2de57d46483646cc4f02bf0,2021-03-12,content-at-commit,godot,b3ee52f06d1c,initial,,,,,True,991f244a1a93820c0cd04383d228baa5f42c996e,toziuha_night_oota_project/project.godot,dannygaray60/toziuha-night-oota,version_events,first upload,False,False,False,4,,,0.1
2021-09-10,7cea05c32da1e2ef9b9c278197209d7a5184bdb6,2021-09-10,content-at-commit,godot,b3ee52f06d1c,initial,,,,,True,d5b235f1aef71536f0ac993734fb3b0a08437362,project.godot,SakuyaCN/Godot_TeamGame,version_events,Sakuya,False,False,False,4,,,0.1
2018-03-13,51ffbc43b339cd4b751a5ceeb8e36af68287e758,2018-03-13,content-at-commit,godot,b3ee52f06d1c,initial,,,,,True,,project.godot,BastiaanOlij/vehicle-demo,version_events,First commit,False,False,False,3,,,0.1
2018-09-06,40445614bd9a5959945846433f1fb207f61fd077,2018-09-06,content-at-commit,godot,b3ee52f06d1c,major_migration,3,,,,True,5def370f95a95b60dd02d706d3cda2a5f3ad9825,project.godot,BastiaanOlij/vehicle-demo,version_events,Part 4 - Adjusting the track size,False,False,False,4,,,0.1
2023-06-05,39b464b6aa1c2f73d11eb1b0b47994b1cd71b889,2023-06-05,content-at-commit,godot,b3ee52f06d1c,major_migration,4,,,,False,aac9f63195b9dc0af90cf91bf41ce7c10888a917,project.godot,BastiaanOlij/vehicle-demo,version_events,Converting project to Godot 4.x,True,True,True,5,4.0,2023-03-01,0.1
2024-11-25,0d86d535a4f05fdf836a7f1b8bf7d43c9da4689e,2024-11-25,content-at-commit,godot,b3ee52f06d1c,minor_upgrade,5,4.0,3,2,False,39b464b6aa1c2f73d11eb1b0b47994b1cd71b889,project.godot,BastiaanOlij/vehicle-demo,version_events,Adjust for Godot 4.3,True,False,True,5,4.3,2024-08-15,0.1
2021-04-08,84bff86701169b0a3166ea215930d7d94e574db5,2021-04-08,content-at-commit,godot,00ca97745be6,initial,,,,,True,,project.godot,arkeve/Godot-Pokemon,version_events,Initial commit,False,False,False,4,,,0.1
2021-08-30,d575bf94d2b659b31d8bd61882ce4e899a87b92e,2021-08-30,content-at-commit,godot,00ca97745be6,initial,,,,,True,5a416211ea727b67cd23358eb4321f8e77621a7c,project.godot,Btan2/Q_Move,version_events,first commit,False,False,False,4,,,0.1
2021-03-27,c723ac2cebd8938b97630643676a78b52b425e27,2021-03-27,content-at-commit,godot,00ca97745be6,initial,,,,,True,34148abc5b8580964e6bb3eb61f2aaf04278af8c,project.godot,samuelbigos/godot_dither_shader,version_events,Initial commit with improved dither shader and demo scene.,False,False,False,4,,,0.1
2020-06-13,f50aed48a7c09666f956b3742587c82433497085,2020-06-13,content-at-commit,godot,00ca97745be6,initial,,,,,True,8a10e6569d67b6237a1704505167287756b993aa,project.godot,unfa/liblast,version_events,Empty Godot project,True,False,False,4,,,0.1
2021-03-30,e74480bd15f9832e78d51690e674226641c89e78,2021-03-30,content-at-commit,godot,00ca97745be6,initial,,,,,True,007c91a4bd5208c88f3e456562b41d81d43f87eb,Game/project.godot,unfa/liblast,version_events,Separated asset sources from assets. Restructured Godot project directory tree for better clarity and consistence.,True,False,False,4,,,0.1
2021-05-14,445cae2cd3169d6ec69f351e11c67db552f0cab3,2021-05-14,content-at-commit,godot,00ca97745be6,initial,,,,,True,a40cb8234a4838678977c767c285a5a0f57718f8,Game/project.godot,unfa/liblast,version_events,Initial Godot 4.0 commit.,True,False,True,4,,,0.1
2021-08-13,15b3c77e8ab2906619e8983c092b3a85f2c00c9f,2021-08-13,content-at-commit,godot,00ca97745be6,initial,,,,,True,,project.godot,KenneyNL/KayKit-Hexagons,version_events,Initial commit,False,False,False,4,,,0.1
2020-04-12,162d01d0da91f01e9ae5e751b44450b3b9b75d36,2020-04-12,content-at-commit,godot,00ca97745be6,initial,,,,,True,,project.godot,JaccomoLorenz/Godot-Visual-Shader-Node-Library,version_events,Initial commit,False,False,False,4,,,0.1
2019-06-08,3f570002aeb4943d67b7f853974c7af95fad63bb,2019-06-08,content-at-commit,godot,00ca97745be6,initial,,,,,True,d4bec597b7e5e6fdf19642549c4753c8fa5cb5bd,project.godot,godot-mega-man/Mega-Man-Engine,version_events,Import All Contents From Private Project,False,False,False,4,,,0.1
2021-04-29,5e529df905402899b38bc29caca8ceef899f8845,2021-04-29,content-at-commit,godot,00ca97745be6,initial,,,,,False,5f4cf92f8e669cb1b252ae67f461ab1df9e63541,Project/project.godot,godot-mega-man/Mega-Man-Engine,version_events,Import project from a private repository,False,False,False,4,,,0.1
2019-05-06,d99e4c8b58da061d4100bd4664245186e7f16e53,2019-05-06,content-at-commit,godot,00ca97745be6,initial,,,,,True,698fbe46765cd9412bc7b4c196166b4fd05f4206,project.godot,openairlinetycoon/OpenATDeluxe,version_events,Godot Main Branch Setup,True,False,False,4,,,0.1
2020-11-13,43b54a039f97849808797b4269143a7bff3229e2,2020-11-13,content-at-commit,godot,00ca97745be6,initial,,,,,True,,project.godot,levigilbert/godot-LDtk-import,version_events,Added layer types,False,False,False,4,,,0.1
2021-07-14,ef899870254a728a7a77ab32af2946ca2ae432b0,2021-07-14,content-at-commit,godot,00ca97745be6,initial,,,,,True,,project.godot,roalyr/GDTLancer-legacy,version_events,INITIAL COMMIT,False,False,False,4,,,0.1
2022-09-15,25cd52ed592d79c3f41aaf9cf6d7bf1024d3c99c,2022-09-15,content-at-commit,godot,00ca97745be6,initial,,,,,True,daf5777dc124b69648db7f44c66d710f51bfb6de,project.godot,Haidra-Org/Lucid-Creations,version_events,init,False,False,False,4,,,0.1
2018-02-28,d77d964155fce53fc2138d72cd9ccfe79d0cf246,2018-02-28,content-at-commit,godot,00ca97745be6,initial,,,,,True,02a053c46a82eee37a41c0dd43031b1b8cedd6d4,project.godot,arypbatista/godot-swipe-detector,version_events,Fixed demos. Fixed direction calculation,False,False,False,3,,,0.1
2019-01-25,1b122deaa954cdc0202174597a58e24dc50ea352,2019-01-25,content-at-commit,godot,00ca97745be6,major_migration,3,,,,True,e78bd45e39f0d3d5ddd66263370996bb7b5bf8ec,project.godot,arypbatista/godot-swipe-detector,version_events,"Changed four directions option to be more generic, allowing to set 4-direction or 8-direction mode",False,False,False,4,,,0.1
2021-11-22,642efd81407ddd2013de621e852ff21cbce6d68a,2021-11-22,content-at-commit,godot,00ca97745be6,initial,,,,,True,ecf165b268ac282595c80aa35972ec3885bb4508,project.godot,uheartbeast/3d-dungeon,version_events,Added project files,False,False,False,4,,,0.1
2020-12-18,d2285681c82fb4a5f1319b758120c576925e9c50,2020-12-18,content-at-commit,godot,00ca97745be6,initial,,,,,True,ca806670bee57dbb54d2acc78f1bd3136b38031c,GamePadClient/project.godot,ACB-prgm/Godot_GamePad,version_events,Initial Commit,False,False,False,4,,,0.1
2020-12-18,d2285681c82fb4a5f1319b758120c576925e9c50,2020-12-18,content-at-commit,godot,00ca97745be6,initial,,,,,True,ca806670bee57dbb54d2acc78f1bd3136b38031c,ServerSide/project.godot,ACB-prgm/Godot_GamePad,version_events,Initial Commit,False,False,False,4,,,0.1
2021-01-10,cfeeec82d8629527af208d71cc6b0357d9f5b251,2021-01-10,content-at-commit,godot,00ca97745be6,initial,,,,,True,f511562163343ef62af1dbf5467fc70e915074b0,PluginTest/Plugin Test/project.godot,ACB-prgm/Godot_GamePad,version_events,0.9.1,False,False,False,4,,,0.1
2021-02-15,d12c20b3de66679ea7f11331f43ee61a8b92c530,2021-02-15,content-at-commit,godot,00ca97745be6,initial,,,,,True,ce762fb0d856a070afaa883af18e7a43414d1632,Plugin/project.godot,ACB-prgm/Godot_GamePad,version_events,cleanup,False,False,False,4,,,0.1
2021-02-15,124245a2c4020d6d13e142bbcb120526bef246b3,2021-02-15,content-at-commit,godot,00ca97745be6,initial,,,,,True,1bce8b0ab2583055f3d1e3d4caa887b277e49056,PluginTest/project.godot,ACB-prgm/Godot_GamePad,version_events,1.0,False,False,False,4,,,0.1
2019-12-18,76b17cfa003df1480bf88e7faf81b7e02f9eea4a,2019-12-18,content-at-commit,godot,00ca97745be6,initial,,,,,True,fac63a0d9f2b9da425fa7b556655001f386b0b59,project.godot,smix8/Godot3DCharacterEditorWardrobe,version_events,initial upload,False,False,False,4,,,0.1
2020-10-19,dc3b892b867f093b5caf6bfa860ced386b0e6faa,2020-10-19,content-at-commit,godot,00ca97745be6,initial,,,,,True,,project.godot,NeoSpark314/BeepSaber,version_events,initial import,False,False,False,4,,,0.1
2020-03-07,6d3436d626ddfee32e2deaa6af1e72e57fb5e4a2,2020-03-07,content-at-commit,godot,899486564155,initial,,,,,True,,project.godot,EXPWorlds/Godot-Dialog-System,version_events,init commit,False,False,False,4,,,0.1
2021-12-01,14177a8722df34332aae35e144423be39c5be6d9,2021-12-01,content-at-commit,godot,899486564155,initial,,,,,True,,godot/project.godot,Bauxitedev/bendyworm,version_events,first commit,False,False,False,4,,,0.1
2021-09-04,1035a58df722260206299308d3246c8509cc448e,2021-09-04,content-at-commit,godot,899486564155,initial,,,,,True,9718465d32806b67ec0969782895160e35c47ecf,src/project.godot,QueenChristina/gd_dialog,version_events,Add project,False,False,False,4,,,0.1
2022-06-15,49d30d9818a4a6b642cb8d8222327e958afb5bfd,2022-06-15,content-at-commit,godot,899486564155,initial,,,,,True,15189f229a08d059dd770472ff3c389b4c61aec1,copy_this/project.godot,QueenChristina/gd_dialog,version_events,"change file names, add empty project, correct audio stream from 2D to general, correct audio rate, change input mapping",False,False,False,4,,,0.1
2020-12-21,1809e520a98d3890983319403dfe4294fd40e5f1,2020-12-21,content-at-commit,godot,899486564155,initial,,,,,True,39d865630f96d19ed48b33c9a9a3657149465fc8,project.godot,QuadCubedStudios/GoDAW,version_events,Add project files,False,False,False,4,,,0.1
2021-08-18,cc726fb08b48677e7d0e886b21b78134b3d7f79f,2021-08-18,content-at-commit,godot,899486564155,initial,,,,,True,,project.godot,ghsoares/ReactGD,version_events,.,False,False,False,4,,,0.1
2021-08-21,d74f8de4d4324a827649c51383e02a60ea5a0dec,2021-08-21,content-at-commit,godot,899486564155,initial,,,,,True,a7323bdfc62ad9eabcf9b764655168822f4ba10b,project.godot,ghsoares/ReactGD,version_events,Updated examples,False,False,False,4,,,0.1
2021-08-26,1bca04cf3c0f55ab4c916a0d2b24a9ed8f544a0c,2021-08-26,content-at-commit,godot,899486564155,initial,,,,,False,6267890dbe3786b6f6da59b2c65f7ef78c14df54,project.godot,ghsoares/ReactGD,version_events,Not implementing with gdnative right now,False,False,False,4,,,0.1
2021-08-26,bd35fd520498247b35fef9f831e441f3989e1a03,2021-08-26,content-at-commit,godot,899486564155,initial,,,,,False,bb783bc5f67d09a67f9b1f5f5479d8e3271cf7dd,project/project.godot,ghsoares/ReactGD,version_events,moved project files to a separate folder,False,False,False,4,,,0.1
2021-11-07,fa7f23dadbb6aa29875ca8b0866ebeafea7fc678,2021-11-07,content-at-commit,godot,899486564155,initial,,,,,False,899d675d99b7e5caaf948483a14b0f211fd3d25c,demo/project.godot,ghsoares/ReactGD,version_events,Created gdnative plugin,False,False,False,4,,,0.1
2020-11-30,af169857443ae120ba11892e8ebb704e8e8b1d80,2020-11-30,content-at-commit,godot,899486564155,initial,,,,,True,,Paralunar/project.godot,Remruts/Paralunar_GameOff,version_events,:),False,False,False,4,,,0.1
2018-10-19,be940b660fda1eed1a9ac04390ad47a7e3e632f3,2018-10-19,content-at-commit,godot,899486564155,initial,,,,,True,,Client/project.godot,KoBeWi/The-Soulhunter,version_events,Pierwszy commit,False,False,False,4,,,0.1
2018-10-20,257055a7111d8d5b775df17b0a3dc3fdf50091fb,2018-10-20,content-at-commit,godot,899486564155,initial,,,,,True,8f0813c9ee1e9116aabf11b2dcd59b8667997be1,project.godot,KoBeWi/The-Soulhunter,version_events,Początki serwera Rust,False,False,False,4,,,0.1
2020-05-14,26c7d1e0743367d02f14f3f286c5d0fe0b7c4e36,2020-05-14,content-at-commit,godot,899486564155,initial,,,,,True,,project.godot,EricEzaM/godot-color-palette,version_events,Initial Commit - pretty mush finished!,False,False,False,4,,,0.1
2020-05-15,1031323c7dd3092c041b7ac38ccabf94db631ff8,2020-05-15,content-at-commit,godot,899486564155,initial,,,,,True,749b6dfb0b69735088959d16a401725f17111ca8,project.godot,EricEzaM/godot-color-palette,version_events,Rearranged files once again,False,False,False,4,,,0.1
2020-05-15,f15932a36f4c235bc72dfaf936cf69c14b465bce,2020-05-15,content-at-commit,godot,899486564155,initial,,,,,True,2071845fdd773e9c269f18a2c751b35d79010cbc,src/project.godot,EricEzaM/godot-color-palette,version_events,Changed folder structure,False,False,False,4,,,0.1
2019-04-15,bfc809c54547d7d082553a0d55b17b92e3e52973,2019-04-15,content-at-commit,godot,899486564155,initial,,,,,True,,3-add-states/project.godot,Levrault/godot-2d-action-adventure-platformer-demo,version_events,first commit,False,False,False,4,,,0.1
2019-04-17,909b10f70479b7ff45888c285fb42f8ccd387d87,2019-04-17,content-at-commit,godot,899486564155,initial,,,,,True,bfc809c54547d7d082553a0d55b17b92e3e52973,sidescroller/project.godot,Levrault/godot-2d-action-adventure-platformer-demo,version_events,feat(player): add jump/fall,False,False,False,4,,,0.1
2019-05-14,c081d01aea3d3e886be4ba27c52f45da21a02bec,2019-05-14,content-at-commit,godot,899486564155,initial,,,,,True,30d0ed5a31523de53d46dd50f40bc6fc4250ff4b,demo/project.godot,Levrault/godot-2d-action-adventure-platformer-demo,version_events,chore(project): rename,False,False,False,4,,,0.1
2019-05-15,4863ed701d76ce36bde31f98635aaf0cb5d13aad,2019-05-15,content-at-commit,godot,899486564155,initial,,,,,True,e61f1947d149c1f6a07045f6b87fc8ddb9ab9460,learn-godot-1-setting-up-for-pixel-art/project.godot,Levrault/godot-2d-action-adventure-platformer-demo,version_events,fix(level): add game manager to set level limit,False,False,False,4,,,0.1
2020-09-18,905e133b2b94a3bfbc13b3db6e866dc1865edc75,2020-09-18,content-at-commit,godot,899486564155,initial,,,,,True,8eca9de8b7062b60e2e7a33a3632f8663b4b3e53,project.godot,Levrault/godot-2d-action-adventure-platformer-demo,version_events,chore(folder) remove article from this repo,False,False,False,4,,,0.1
2020-08-21,bf2222fd87f929bed7c3bd22c2ccffd79ca8893c,2020-08-21,content-at-commit,godot,899486564155,initial,,,,,True,27a5113994329ae0586fb3f59e1536548dd60487,ftl-like-battle/project.godot,gdquest-demos/godot-2d-tactical-space-combat,version_events,Init & add FTLLike,False,False,False,4,,,0.1
2020-08-24,99cc91623ea22dcbcf812401b5164e0f4f976ba7,2020-08-24,content-at-commit,godot,899486564155,initial,,,,,True,bf2222fd87f929bed7c3bd22c2ccffd79ca8893c,godot/project.godot,gdquest-demos/godot-2d-tactical-space-combat,version_events,Reorganize & FTLLikeCombat tilemap + astar,False,False,False,4,,,0.1
2021-05-10,32c7bfd2efc6c3d9a47a0f9c344242d13d1cb4ad,2021-05-10,content-at-commit,godot,899486564155,initial,,,,,True,bfe580773190ee442f4e09daee6527b4720f08fc,start-project/project.godot,gdquest-demos/godot-2d-tactical-space-combat,version_events,Add start-project,False,False,False,4,,,0.1
2021-05-09,8b6b42f82f795b7112e7f5df4d21aa5070d63a90,2021-05-09,content-at-commit,godot,899486564155,initial,,,,,True,573e846e0c302a80bf2c919b7b81937d5a6bd3e0,project.godot,argosopentech/Conquest,version_events,"Menu, V and H boxes setup to repond with keyboard",False,False,False,4,,,0.1
2023-04-07,ffa72cae875405b6b1a999b4ae08cce007d93711,2023-04-07,content-at-commit,godot,899486564155,major_migration,4,,,,False,83c7930bdd7f75f0ad9c303b6d5514b2428a5df4,project.godot,argosopentech/Conquest,version_events,Opening in Godot 4 but has errors,True,False,True,5,4.0,2023-03-01,0.1
2024-01-18,574dbb9343a21731a3f36800890c0fcf13bd9cd7,2024-01-18,content-at-commit,godot,899486564155,initial,,,,,False,377445df314de5a4a041b67241602bab51e94f66,Game/project.godot,argosopentech/Conquest,version_events,Main,False,False,False,5,4.2,2023-11-30,0.1
2022-03-01,29d64debc6e26a71b93836866375287438d8a9e4,2022-03-01,content-at-commit,godot,899486564155,initial,,,,,True,2d17e86da4517d6fcd52eda219a0eb2e848c2b61,godot/project.godot,kai63001/wildcard-game,version_events,change to godot,True,False,False,4,,,0.1
2022-06-30,e4d803d1bd3bece8e841ba22d6c60b85c30e72be,2022-06-30,content-at-commit,godot,899486564155,initial,,,,,True,,project.godot,Norodix/GodotMirror,version_events,Basic setup with demo scene,False,False,False,4,,,0.1
2023-02-14,402a62b6a5ae1907aef3ae8f67285535f3e8d4c4,2023-02-14,content-at-commit,godot,899486564155,minor_upgrade,5,,,,False,1d0ac3087ff25e4c2dfd6d03d6315683fce0ec32,project.godot,Norodix/GodotMirror,version_events,Automatic changes by Godot 4.0RC1 made when opening and running the DemoWorld.tscn,True,False,True,5,4.0,2023-03-01,0.1
2023-02-14,1d0ac3087ff25e4c2dfd6d03d6315683fce0ec32,2023-02-14,content-at-commit,godot,899486564155,major_migration,4,,,,False,218ac297ba6bfac918c91b54f49cf0b2283849f2,project.godot,Norodix/GodotMirror,version_events,Automatic upgrade to Godot 4.0 using 4.0RC1,True,True,True,5,,,0.1
2023-09-21,2bc35b7a1b1e82dd6e16e28372fb8842674a9355,2023-09-21,content-at-commit,godot,899486564155,minor_upgrade,5,4.0,1,0,False,cb6207efc5120fc3cb1c31bf1f9aec2203d83901,project.godot,Norodix/GodotMirror,version_events,Update to 4.1,False,False,True,5,4.1,2023-07-06,0.1
2022-06-28,7473610e83cf2317a6235f862e8182ceb44aa5b8,2022-06-28,content-at-commit,godot,899486564155,initial,,,,,True,fea6ae35bc1a80d2310aa00ba97712f2158f3e8e,project.godot,catprisbrey/Third-Person-Controller---Godot-Souls-like,version_events,Files upload,False,False,False,4,,,0.1
2022-07-27,64559e24b47a9fd184ee788e6d8370f4c74c7d46,2022-07-27,content-at-commit,godot,899486564155,major_rollback,5,4.0,,,True,fbc17cbabbaf5fe06625a8991cf1caf8be690650,project.godot,catprisbrey/Third-Person-Controller---Godot-Souls-like,version_events,"Revert ""Init""",False,False,False,4,,,0.1
2022-07-27,fbc17cbabbaf5fe06625a8991cf1caf8be690650,2022-07-27,content-at-commit,godot,899486564155,major_migration,4,,,,True,2854f9dfc6bf15900560fe9b6199bdbb81162f29,project.godot,catprisbrey/Third-Person-Controller---Godot-Souls-like,version_events,Init,False,False,False,5,4.0,2023-03-01,0.1
2021-03-22,97bf36364d19905725f27353c0fb87e3cf2be36a,2021-03-22,content-at-commit,godot,899486564155,initial,,,,,True,a8898a3f971d46cbbb77483fdd7b3a584c192c6a,examples/project.godot,tayloraswift/godot-swift,version_events,"fix infinite recursion bug in pass(retained:), add example project",False,False,False,4,,,0.1
2021-05-02,274b5b0feef900842b20795dab877c2cb2dcbc92,2021-05-02,content-at-commit,godot,899486564155,initial,,,,,True,e7923e809596f306097b12f71a751f36a5313204,Examples/basic/game/project.godot,tayloraswift/godot-swift,version_events,"reorganize folder structure, start readme",False,False,False,4,,,0.1
2021-05-04,196262cb8079dae3392b6711b9d2f1ba3c93acd3,2021-05-04,content-at-commit,godot,899486564155,initial,,,,,True,03c120b4e651f7fe0764afcd76a21402c1080f0c,Examples/game/project.godot,tayloraswift/godot-swift,version_events,"split off generated classes file from rest of common code, add CustomStringConvertible to vector types, expand tutorial",False,True,False,4,,,0.1
2021-05-20,f5116debedc6a7dba836cc039e4747423e76430d,2021-05-20,content-at-commit,godot,899486564155,initial,,,,,True,86b50c1e377fd46a8b1a33f028876d1c5eb9dc26,examples/game/project.godot,tayloraswift/godot-swift,version_events,bump swift version,False,True,False,4,,,0.1
2021-03-09,94a1bc09e019aa9ca516c633dd7839da7eb0c9c9,2021-03-09,content-at-commit,godot,899486564155,initial,,,,,True,7fd4d427c3342bfc33c91b13694a67be9679704b,project.godot,Novakasa/brickrail,version_events,"added godot project with godot-python, hello world works",True,False,False,4,,,0.1
2021-03-15,12756e7db4226c8fe955ede2f9f01f177c2d3336,2021-03-15,content-at-commit,godot,899486564155,initial,,,,,True,4fc81a18b8a8b1213acc7cf3949fb8bb415ee6ad,brickrail-gui/project.godot,Novakasa/brickrail,version_events,"new brickrail-gui godot project, can run ble server via websocket",True,False,False,4,,,0.1
2023-07-11,fd7814dca460292dcbe630ea8cc59388646d07d3,2023-07-11,content-at-commit,godot,899486564155,major_migration,4,,,,False,a755d5e32de9429a0b9dd26cf434e4852a0505bd,brickrail-gui/project.godot,Novakasa/brickrail,version_events,first try convert to godot 4 (not working),True,True,True,5,4.1,2023-07-06,0.1
2021-06-10,841d76d4a91cf7c345d0c33fe01d5cb06259736f,2021-06-10,content-at-commit,godot,54e0a883f5b1,initial,,,,,True,,project.godot,Deep-Fold/SpriteGenerator,version_events,Initial commit,False,False,False,4,,,0.1
2020-09-13,5b284afb80995f5749260d71af2798d5fe98d5fd,2020-09-13,content-at-commit,godot,54e0a883f5b1,initial,,,,,True,,project.godot,awnagel/Godot-Thief-Controller,version_events,Initial commit,False,False,False,4,,,0.1
2022-10-23,5bf149d0804e4f1e80be00343bfa13211bbf1475,2022-10-23,content-at-commit,godot,54e0a883f5b1,initial,,,,,True,b59a4cdc850eedfbde9aba8587d1b759b4a1e8db,simple_demo/project.godot,ozzr/godot_terrain,version_events,Add files via upload,False,False,False,4,,,0.1
2022-10-29,f417f7322e5accc1b03f198241ff29d2d1e62a8c,2022-10-29,content-at-commit,godot,54e0a883f5b1,initial,,,,,True,e1a7837404c14b652ff17ed0cdf6dda87655eb9f,advanced_terrain_demo/project.godot,ozzr/godot_terrain,version_events,Added advanced_terrain_demo,False,False,False,4,,,0.1
2021-07-08,238d2dfad2a7b3e8764a97015daf9819e48e74bc,2021-07-08,content-at-commit,godot,54e0a883f5b1,initial,,,,,True,,project.godot,nagidev/bean-of-the-wild,version_events,Initial commit,False,False,False,4,,,0.1
2021-05-26,64f22ab6ebedc667c0e70e022f6995d61be87afc,2021-05-26,content-at-commit,godot,54e0a883f5b1,initial,,,,,True,,project.godot,Delta12Studio/Lango_GodotRPG,version_events,First Commit,False,False,False,4,,,0.1
2021-10-16,c37f677f0297e4c572fca14586546587734692e4,2021-10-16,content-at-commit,godot,54e0a883f5b1,initial,,,,,True,644b824fe4bc59b98bdc6e3767b58aeb551829d2,project.godot,Delta12Studio/Lango_GodotRPG,version_events,1,False,False,False,4,,,0.1
2021-11-10,61017f6206ad3b4e252f8b6b1dd1ee302c3f8300,2021-11-10,content-at-commit,godot,54e0a883f5b1,initial,,,,,True,db9e1ab5b28f5e2f264152a4996f52fb76c69023,project.godot,Delta12Studio/Lango_GodotRPG,version_events,up,False,False,False,4,,,0.1
2026-05-09,58ed8e9a2412e5fdb7fa70ec3635af48789c3d93,2026-05-09,content-at-commit,godot,54e0a883f5b1,initial,,,,,True,,demo/project.godot,buresu/godot-syphon,version_events,Initial commit,False,False,False,5,4.6,2026-01-26,0.1
2018-08-01,c846c86ad176a57b514927daa87c4d754e165c0f,2018-08-01,content-at-commit,godot,54e0a883f5b1,initial,,,,,True,,project.godot,xevilmaxx/CustomFPS,version_events,Part1,False,False,False,3,,,0.1
2021-03-22,379b52f19822370ea956eb2742d0afc75e52f3fe,2021-03-22,content-at-commit,godot,54e0a883f5b1,initial,,,,,True,33d70503986c86b21f588c568d4cdfb1089c39e1,project.godot,XLIVE99/AutoGrid,version_events,Project init,False,False,False,4,,,0.1
2021-03-25,40e74de1b93f15ffb203ac4a33d85e4ace542fa4,2021-03-25,content-at-commit,godot,54e0a883f5b1,initial,,,,,True,84cd53417f18e428373d873afb02db0c2a151f86,DEMO_PROJECT/project.godot,XLIVE99/AutoGrid,version_events,Demo project moved to another folder,False,False,False,4,,,0.1
2024-06-21,4ddaceba5a8b1c7d22a651b64bc43572c2863efd,2024-06-21,content-at-commit,godot,54e0a883f5b1,major_migration,4,,,,False,edf53603534939587cd26282997af21082c5fa24,DEMO_PROJECT/project.godot,XLIVE99/AutoGrid,version_events,Added Godot 4.x support to the plugin,True,False,True,5,4.2,2023-11-30,0.1
2025-01-14,36223c77efc87bff3b02159eb66410fe5cc9cab5,2025-01-14,content-at-commit,godot,54e0a883f5b1,major_migration,4,,,,True,28dc1c462109abd93e62f124a3c68ef15b326279,DEMO_PROJECT/project.godot,XLIVE99/AutoGrid,version_events,Squashed commit of the following:,False,False,False,5,4.2,2023-11-30,0.1
2022-11-06,e95543f75e8cc57061cb32c92f15350b8f594926,2022-11-06,content-at-commit,godot,54e0a883f5b1,initial,,,,,True,e154f8d5b4331712a4d9980387ae4290850217c1,project.godot,HK-SHAO/Godot-RayTracing-Demo,version_events,upload,False,False,False,5,4.0,2023-03-01,0.1
2022-11-16,c642d8682a067db1ec29325f0e93f1f03cb9e696,2022-11-16,content-at-commit,godot,54e0a883f5b1,initial,,,,,True,bdddced984d17b5634fc0ba020cb966777fd6063,godot/project.godot,HK-SHAO/Godot-RayTracing-Demo,version_events,add gui,False,False,False,5,4.0,2023-03-01,0.1
2026-02-08,f651243c6d34243e9056ea8bb5218301fac93ca8,2026-02-08,content-at-commit,godot,54e0a883f5b1,minor_upgrade,5,4.0,7,6,True,5567f5befe6b113e60beff64a8e33963dbbea752,godot/project.godot,HK-SHAO/Godot-RayTracing-Demo,version_events,"Update main panel and shader configurations for improved performance and compatibility with Godot 4.6. Adjusted UI elements, shader parameters, and import settings for better rendering quality and user experience.",True,False,True,5,4.6,2026-01-26,0.1
2024-01-03,15ee301bd1f997d8f30520737120eab5cd60c4e0,2024-01-03,content-at-commit,godot,54e0a883f5b1,initial,,,,,True,fcef07397bf3cb5d67dfce0a9a0384e9af338f59,.github/workflows/resources/project.godot,dialogic-godot/dialogic,version_events,Fix Unit Test CI (#1986),False,False,False,5,4.2,2023-11-30,0.1
2023-01-14,30e951a54c5ff31409890c514dbb13384890136b,2023-01-14,content-at-commit,godot,54e0a883f5b1,initial,,,,,True,,project.godot,chimeraOMORPG/Chimera,version_events,First commit,False,False,False,5,4.0,2023-03-01,0.1
2023-03-05,4d32ad60482eb35952bc732466c71eac0d99a4ef,2023-03-05,content-at-commit,godot,54e0a883f5b1,initial,,,,,True,e8ec875ecdf65da4cc7ed1737f6b38680decdbbc,Authentication-server/project.godot,chimeraOMORPG/Chimera,version_events,network update,False,False,False,5,4.0,2023-03-01,0.1
2023-03-05,e8ec875ecdf65da4cc7ed1737f6b38680decdbbc,2023-03-05,content-at-commit,godot,54e0a883f5b1,initial,,,,,True,02a381d9ee49050f2bc4c3fc756b4873cec346f9,Chimera-authentication/project.godot,chimeraOMORPG/Chimera,version_events,networking update,False,False,False,5,4.0,2023-03-01,0.1
2023-03-05,e8ec875ecdf65da4cc7ed1737f6b38680decdbbc,2023-03-05,content-at-commit,godot,54e0a883f5b1,initial,,,,,True,02a381d9ee49050f2bc4c3fc756b4873cec346f9,Chimera-client/project.godot,chimeraOMORPG/Chimera,version_events,networking update,False,False,False,5,4.0,2023-03-01,0.1
2023-03-05,e8ec875ecdf65da4cc7ed1737f6b38680decdbbc,2023-03-05,content-at-commit,godot,54e0a883f5b1,initial,,,,,True,02a381d9ee49050f2bc4c3fc756b4873cec346f9,Chimera-gateway/project.godot,chimeraOMORPG/Chimera,version_events,networking update,False,False,False,5,4.0,2023-03-01,0.1
2023-03-05,4d32ad60482eb35952bc732466c71eac0d99a4ef,2023-03-05,content-at-commit,godot,54e0a883f5b1,initial,,,,,True,e8ec875ecdf65da4cc7ed1737f6b38680decdbbc,Game-client/project.godot,chimeraOMORPG/Chimera,version_events,network update,False,False,False,5,4.0,2023-03-01,0.1
2023-03-05,7cf5e6e5fb10a59536146f2c03f9cf31d0e012e8,2023-03-05,content-at-commit,godot,54e0a883f5b1,initial,,,,,True,4d32ad60482eb35952bc732466c71eac0d99a4ef,Game-server/project.godot,chimeraOMORPG/Chimera,version_events,network update,False,False,False,5,4.0,2023-03-01,0.1
2023-03-05,4d32ad60482eb35952bc732466c71eac0d99a4ef,2023-03-05,content-at-commit,godot,54e0a883f5b1,initial,,,,,True,e8ec875ecdf65da4cc7ed1737f6b38680decdbbc,Gateway-server/project.godot,chimeraOMORPG/Chimera,version_events,network update,False,False,False,5,4.0,2023-03-01,0.1
2022-05-03,d50886b6b2c144898b6bc6ba57e12c11867007fc,2022-05-03,content-at-commit,godot,54e0a883f5b1,initial,,,,,True,,project.godot,code-with-max/classic_snake_4,version_events,Initial commit,False,False,False,5,4.0,2023-03-01,0.1
2023-08-23,74d633072c6e501bffecf75da119d493185826b7,2023-08-23,content-at-commit,godot,54e0a883f5b1,minor_upgrade,5,4.0,1,0,True,dbbf4816926553340e093a39b506ff27ab96d1d1,project.godot,code-with-max/classic_snake_4,version_events,API 33,False,False,False,5,4.1,2023-07-06,0.1
2023-12-17,fd10f4c14082734fd7aa70652fc51c4d312b010f,2023-12-17,content-at-commit,godot,54e0a883f5b1,minor_upgrade,5,4.1,1,0,True,38b37dac7bf940c75108294ab7b0c9ab5d31f684,project.godot,code-with-max/classic_snake_4,version_events,Implement global app rating,False,False,False,5,4.2,2023-11-30,0.1
2018-04-17,5deac3da003b0731193b1d8ef24ad410bfa12439,2018-04-17,content-at-commit,godot,54e0a883f5b1,initial,,,,,True,8554bf3cbbd0bb358cbe91b881f1e4e57dea0df8,placeholdergametitle/project.godot,busterbeam/placeholdergametitle,version_events,Testing git system and godot,True,False,False,3,,,0.1
2021-06-17,8e623506f516e18cb35156e15d3a51259b8bfa2d,2021-06-17,content-at-commit,godot,54e0a883f5b1,initial,,,,,True,,project.godot,db0/hypnagonia,version_events,init,False,False,False,4,,,0.1
2022-04-28,f1120f5f7873848ede48669e32ddd09fb88179a0,2022-04-28,content-at-commit,godot,54e0a883f5b1,initial,,,,,True,,project.godot,alfredbaudisch/GodotDynamicInventorySystem,version_events,"Open-source launch, squash commit from private course repository, with commits: Added link to the course image Added README, LICENSE and Notices in preparation for open-source launch Use idle_frame instead of timer hacks Remove placeholder children when reloading the inventory Misc UI changes Defaul",False,False,False,4,,,0.1
2024-02-13,d905aed393f68dff3288e1e4b2299b07c15f15c8,2024-02-13,content-at-commit,godot,54e0a883f5b1,major_migration,4,,,,True,73786eb73ca9b637aa642ed2d73d1c4678657dc7,project.godot,alfredbaudisch/GodotDynamicInventorySystem,version_events,Started migration to Godot 4,True,True,True,5,4.2,2023-11-30,0.1
2020-12-16,3f1f3f4e325e5b90c4a92a3ba60af5084a8c8e64,2020-12-16,content-at-commit,godot,54e0a883f5b1,initial,,,,,True,26246c417e474677900bcc73e46a2cff8ed189e3,godot/project.godot,gdquest-demos/godot-4-2d-visual-novel,version_events,Add project with text box,False,False,False,4,,,0.1
2021-02-05,7a5035c1a546295a88dd4a90486a60241c331b1e,2021-02-05,content-at-commit,godot,54e0a883f5b1,initial,,,,,True,f87e48753cdea1733b237afb1bf4e1850e7ed207,start-project/project.godot,gdquest-demos/godot-4-2d-visual-novel,version_events,"Add start project, finish file cleanup",False,False,False,4,,,0.1
2024-10-27,b34e4dca41383864c099ee8eed74eaa36d25bdc3,2024-10-27,content-at-commit,godot,54e0a883f5b1,major_migration,4,,,,True,d7c51d560feb101eec21e35f5bb91d543f76aaef,godot/project.godot,gdquest-demos/godot-4-2d-visual-novel,version_events,update final project assets,False,False,False,5,4.3,2024-08-15,0.1
2024-10-27,d7c51d560feb101eec21e35f5bb91d543f76aaef,2024-10-27,content-at-commit,godot,54e0a883f5b1,major_migration,4,,,,True,aac8a6eba6dd74e0da32bbeb5058a5d716c281f0,start-project/project.godot,gdquest-demos/godot-4-2d-visual-novel,version_events,update starter project,False,False,False,5,4.3,2024-08-15,0.1
2026-04-29,fd44de969b7e41eb5f3cb352a79a1d3b3b808136,2026-04-29,content-at-commit,godot,54e0a883f5b1,minor_upgrade,5,4.3,4,3,True,7937f302db10481a61100f95f7475551055b19d5,godot/project.godot,gdquest-demos/godot-4-2d-visual-novel,version_events,Upgrade project to Godot 4.6 and fix various bugs (#24),True,True,True,5,4.6,2026-01-26,0.1
2018-11-13,1702e59b7aff368a83f44f0da06ef35dce1125b0,2018-11-13,content-at-commit,godot,c11b20c3a83d,initial,,,,,True,,2018-11-13-card-game/end/project.godot,enumox/godot-multiplayer-course,version_events,Initial commit,False,False,False,3,,,0.1
2018-11-13,1702e59b7aff368a83f44f0da06ef35dce1125b0,2018-11-13,content-at-commit,godot,c11b20c3a83d,initial,,,,,True,,2018-11-13-card-game/start/project.godot,enumox/godot-multiplayer-course,version_events,Initial commit,False,False,False,3,,,0.1
2018-04-07,f790c83b169d4b16bf30e827c7a97ebc8fb96b32,2018-04-07,content-at-commit,godot,c11b20c3a83d,initial,,,,,True,9694e22e6bb64fea1098c2279186a0a9a9f5ea1b,project.godot,manisto/godot-maze,version_events,Initial commit.,False,False,False,3,,,0.1
2022-09-17,b533cf7a5b5375890d51d29d0b38435fe1aed1ba,2022-09-17,content-at-commit,godot,c11b20c3a83d,initial,,,,,True,3ebb5e737c76124581f207af6b137df3ac003785,src/project.godot,Structed/godot-playfab-party,version_events,initial project setup,False,False,False,5,4.0,2023-03-01,0.1
2020-07-18,833215e50a412ae2bda092b7bc802241f511b8f0,2021-07-01,content-at-commit,godot,c11b20c3a83d,initial,,,,,True,,project.godot,MCMLXXXV/godot-minimal-template,version_events,Initial commit,False,False,False,4,,,0.1
2022-09-19,dcfca1873f46f7e700575067b3bc54abb046921e,2022-09-19,content-at-commit,godot,c11b20c3a83d,major_migration,4,,,,True,8d291cbecf0eaeb016861cc29b4d8dbbaf1cfb3d,project.godot,MCMLXXXV/godot-minimal-template,version_events,Upgraded to Godot 4.0.,True,True,True,5,4.0,2023-03-01,0.1
2025-09-24,22de057d1d59019a1f1ad71bd72031a0cde8e2f9,2025-09-24,content-at-commit,godot,c11b20c3a83d,minor_upgrade,5,4.0,6,5,True,20061aa98d8a4657994385c2f41ca7a9a5fdec1c,project.godot,MCMLXXXV/godot-minimal-template,version_events,Upgraded to Godot 4.5.,True,True,True,5,4.5,2025-09-15,0.1
2019-11-03,d66378ff1e57c27f30f4dd011124873f307afd75,2019-11-03,content-at-commit,godot,c11b20c3a83d,initial,,,,,True,eab9b455eeb2fea932c12c744d43fecee23f08fd,project.godot,ivoyager/project_template,version_events,Code dump,False,False,False,4,,,0.1
2023-08-09,d8ef59c977b5aacd21cf196375aeb59034a73f13,2023-08-09,content-at-commit,godot,c11b20c3a83d,minor_upgrade,5,,,,True,a91124c87c47f1c9ff8ffcd3ea4c904faf89678c,project.godot,ivoyager/project_template,version_events,Godot3->4 migration: repair to running state,True,True,True,5,4.1,2023-07-06,0.1
2023-08-09,0d48d5fe2aa65bc8e455c78043f1d30085ad9804,2023-08-09,content-at-commit,godot,c11b20c3a83d,major_migration,4,,,,True,fd68adb14ff945a8539054309ceb8df4f501a2c1,project.godot,ivoyager/project_template,version_events,Godot3->4 auto-convert project; set godot4 ivoyager,True,True,True,5,,,0.1
2023-10-11,4db142d5abf14844d41f75426e6b165bce7d6f66,2023-10-11,content-at-commit,godot,c11b20c3a83d,minor_upgrade,5,4.1,1,0,True,6f1ae302507ff3501ab901542cf6cf36cefe0206,project.godot,ivoyager/project_template,version_events,Update plugins for Godot 4.2.dev6 [breaking!],True,False,True,5,4.2,2023-11-30,0.1
2024-09-06,16928ce762d01a756782f309adb18ef3ef7c4d2d,2024-09-06,content-at-commit,godot,c11b20c3a83d,minor_upgrade,5,4.2,1,0,True,68ec506ced5345f5b5f44e34b6750812a5d9d157,project.godot,ivoyager/project_template,version_events,Godot 4.3 editor project & eof changes,True,False,True,5,4.3,2024-08-15,0.1
2025-03-08,aace0c6193de432cc55dad5e437e078d35d3262d,2025-03-08,content-at-commit,godot,c11b20c3a83d,minor_upgrade,5,4.3,2,1,True,3d6db8684c1205cc666d090cbecc734822328201,project.godot,ivoyager/project_template,version_events,Editor update to Godot 4.4,True,False,True,5,4.4,2025-03-03,0.1
2025-09-04,07ceaf8345f87376026e56264cb3ebe0d348c735,2025-09-04,content-at-commit,godot,c11b20c3a83d,minor_upgrade,5,4.4,1,0,True,56e742dfd2486edb1cf97a64025a441968cb69fe,project.godot,ivoyager/project_template,version_events,Update for Godot 4.5.x and plugin changes,True,False,True,5,4.5,2025-09-15,0.1
2026-02-09,9039dd049d177658f0f31ec08d767d0f5adf9eb7,2026-02-09,content-at-commit,godot,c11b20c3a83d,minor_upgrade,5,4.5,1,0,True,4b5588a431138a7f79194af0482eec193651d63e,project.godot,ivoyager/project_template,version_events,Editor update to 4.6; bump v0.1.1,False,True,True,5,4.6,2026-01-26,0.1
2026-06-11,136ca62c3d83445d786d82be9ba4f68849bb2374,2026-06-11,content-at-commit,godot,c11b20c3a83d,minor_upgrade,5,4.6,1,0,True,736e2e9647d97ef6cd96b91a354fc8804bd0a6e4,project.godot,ivoyager/project_template,version_events,Update project config to 4.7; editor tscn update,False,False,True,5,4.7,2026-06-18,0.1
2022-02-07,aa035abca6ee03cd04dcc3799e75dd308a4e6f43,2022-02-07,content-at-commit,godot,c11b20c3a83d,initial,,,,,True,c631dc163188d1fa19118d32b474550ef3196423,test-project/project.godot,godot-rust/gdext,version_events,add test project,False,False,False,5,4.0,2023-03-01,0.1
2022-05-29,c648cd6a0c668461b35689866fe9fd13063579ff,2022-05-29,content-at-commit,godot,c11b20c3a83d,initial,,,,,True,6d4e9ab7f56ac9d9a53fa91feb6c6da46b6bf5d4,itest/project.godot,godot-rust/gdext,version_events,New Godot4 project for automated integration tests,True,False,True,5,4.0,2023-03-01,0.1
2022-06-18,c674848cc8405c702a867225de95b32069a448a3,2022-06-19,content-at-commit,godot,c11b20c3a83d,initial,,,,,True,5838eac58e2e1b447680fe34dbd8933753ddcfe7,demo-project/godot/project.godot,godot-rust/gdext,version_events,Update project structure for demo project,False,False,False,5,4.0,2023-03-01,0.1
2022-06-20,b7fb1f06dd9078fa3cce4d948faf6ec080f6cecd,2022-06-20,content-at-commit,godot,c11b20c3a83d,initial,,,,,True,cb337a6089d2e2df8d38f38001ec00c41cfcacda,itest/godot/project.godot,godot-rust/gdext,version_events,Integration test: move Godot project to its own directory,True,False,False,5,4.0,2023-03-01,0.1
2022-11-06,76332217f40c6f01574213ee3bdbb21ae2421ecf,2022-11-06,content-at-commit,godot,c11b20c3a83d,initial,,,,,True,66aeeff2acd7a84d0b415854fb124c19bc6a9153,examples/dodge-the-creeps/godot/project.godot,godot-rust/gdext,version_events,Move directory: demo-project -> examples/dodge-the-creeps,False,False,False,5,4.0,2023-03-01,0.1
2023-07-08,de20581c5403acdfee9c325e5b7d833307c2c297,2023-07-08,content-at-commit,godot,c11b20c3a83d,minor_upgrade,5,4.0,1,0,True,5d6725f45cbf7edfaf313385b0d05c1375e85eb5,itest/godot/project.godot,godot-rust/gdext,version_events,adds filtering option to tests,False,False,False,5,4.1,2023-07-06,0.1
2023-07-30,444f57a4a1016d59768b28c688c707c75f6074bd,2023-07-30,content-at-commit,godot,c11b20c3a83d,minor_upgrade,5,4.0,1,0,True,1cf6b2d94e3b252b412213eb8d9cd1f1902f8613,examples/dodge-the-creeps/godot/project.godot,godot-rust/gdext,version_events,Update Dodge-the-Creeps to 4.1,False,False,True,5,4.1,2023-07-06,0.1
2023-12-06,e170fe1815d5d3ce4c0cf70f61f8098af3181cb3,2023-12-06,content-at-commit,godot,c11b20c3a83d,minor_upgrade,5,4.1,1,0,True,ac1ea50647c59eed7aa7926edbdbba3d533fef97,examples/dodge-the-creeps/godot/project.godot,godot-rust/gdext,version_events,"Update example's resource UIDs, as Godot keeps breaking them",True,False,False,5,4.2,2023-11-30,0.1
2024-03-17,c8bd88d48fbd31de4c0d94197c6b299a334f3b1c,2024-03-30,content-at-commit,godot,c11b20c3a83d,initial,,,,,True,1ff7f363290fce0d78a6f510c4e1da0e98f9690f,examples/hot-reload/godot/project.godot,godot-rust/gdext,version_events,Add hot-reload project + test suite,False,False,False,5,4.3,2024-08-15,0.1
2025-03-16,f095c9ba083a699fd7b2a982b12f6c858e68b91a,2025-03-17,content-at-commit,godot,c11b20c3a83d,minor_downgrade,5,4.3,-1,0,True,980c148a76b77668f87d9b7b8f008596065675f3,itest/hot-reload/godot/project.godot,godot-rust/gdext,version_events,Hot reload: move test/* entries one level up,False,False,False,5,4.2,2023-11-30,0.1
2025-03-16,980c148a76b77668f87d9b7b8f008596065675f3,2025-03-17,content-at-commit,godot,c11b20c3a83d,initial,,,,,True,280ddae70e724f3dda0f38a8f93ed84d944cefa5,itest/hot-reload/godot/project.godot,godot-rust/gdext,version_events,Move hot-reload from examples to itest,False,False,False,5,4.3,2024-08-15,0.1
2025-08-31,54e8a91d44b3631abde14e56cee7708e25546158,2025-08-31,content-at-commit,godot,c11b20c3a83d,minor_upgrade,5,4.1,1,0,True,9ed35b5a1c10a7b1f7028f825f9da5db41e4ff7d,itest/godot/project.godot,godot-rust/gdext,version_events,Remove support for Godot 4.1,True,False,True,5,4.2,2023-11-30,0.1
2026-01-10,3e89edf4f8e38ec9f1241d53aa211687914320b9,2026-01-10,content-at-commit,godot,c11b20c3a83d,minor_upgrade,5,4.2,5,4,True,59c48e8cc5b990756463f8cc6681e4d02d93e9b5,itest/godot/project.godot,godot-rust/gdext,version_events,Deferred startup warn/error mechanism; detect `deprecated=no` builds,False,False,False,5,4.6,2026-01-26,0.1
2022-10-14,aa895395ec1f28f913c75faae8044c6abf60dfaf,2022-10-14,content-at-commit,godot,c11b20c3a83d,initial,,,,,True,e76e93057fbe87fdd39c26741c9e8c1cc0c17c23,project.godot,DJj123dj/bad-flappybird,version_events,flappy bird v0.1,False,False,False,4,,,0.1
2024-01-15,c1b8ef4397f487feedd11be9bfee307951b57366,2024-01-15,content-at-commit,godot,c11b20c3a83d,major_migration,4,,,,True,0ac9dba3fc996be789f22cf2ec0e94ad584dd1b2,project.godot,DJj123dj/bad-flappybird,version_events,idk what i edited,False,False,False,5,4.0,2023-03-01,0.1
2019-11-06,27e7d5700da5ec560f9cbfa80ba37969223614c1,2019-11-06,content-at-commit,godot,c11b20c3a83d,initial,,,,,True,d30b334331c9c3b367e02c11dff1a89f7193c9a6,Godot_Project/Projects/Example_01/project.godot,Mandrake0/houdini2godot,version_events,Add Godot Project,True,False,False,3,,,0.1
2023-11-15,1e5a9cad9029083f046e1178145c205b05305e01,2023-11-15,content-at-commit,godot,c11b20c3a83d,initial,,,,,True,f0ca7773ef30e94890de994b9bcc765ee9394176,example/godot/Godot_instance_project/project.godot,Mandrake0/houdini2godot,version_events,Update to Godot 4.0 and many small fixes,True,False,True,5,4.1,2023-07-06,0.1
2023-11-18,6795af785a37b489552fe6167ba7805e18430109,2023-11-18,content-at-commit,godot,c11b20c3a83d,initial,,,,,True,1e5a9cad9029083f046e1178145c205b05305e01,example/Starter-Kit-3D-Platformer-Houdini-Example/Godot_Starter-Kit-3D-Platformer/project.godot,Mandrake0/houdini2godot,version_events,Added Examples many small fixes | docs | images,False,False,False,5,4.1,2023-07-06,0.1
2023-11-18,6795af785a37b489552fe6167ba7805e18430109,2023-11-18,content-at-commit,godot,c11b20c3a83d,initial,,,,,True,1e5a9cad9029083f046e1178145c205b05305e01,example/Starter-Kit-3D-Platformer-Houdini-Funky-Benchmark/Godot_Starter-Kit-3D-Platformer/project.godot,Mandrake0/houdini2godot,version_events,Added Examples many small fixes | docs | images,False,False,False,5,4.1,2023-07-06,0.1
2021-03-06,554cfd20359ab9cc1991f3bef2aa14c9e4c5a42f,2021-03-06,content-at-commit,godot,c11b20c3a83d,initial,,,,,True,,project.godot,mhgolkar/Arrow,version_events,v1.0.0 - first commit,False,False,False,4,,,0.1
2025-01-23,5b963114cbbf22cb8ab2a1d2127f4199578fd689,2025-01-23,content-at-commit,godot,c11b20c3a83d,major_migration,4,,,,True,1f9e838eaa669b5111607a2bbca97d7b23f43468,project.godot,mhgolkar/Arrow,version_events,v3.0.0-rc1,False,False,True,5,4.3,2024-08-15,0.1
2025-03-04,acf90879f5dd407eed050bb1c35faa47c7575008,2025-03-04,content-at-commit,godot,c11b20c3a83d,minor_upgrade,5,4.3,2,1,True,2cfa53ef67c36a593f9e6f9067b7be4efd636cfa,project.godot,mhgolkar/Arrow,version_events,Migrate to Godot v4.4,True,True,True,5,4.4,2025-03-03,0.1
2021-02-06,7b0d3e4d161d2941111a3ed4c00fcc406499202f,2021-02-06,content-at-commit,godot,c11b20c3a83d,initial,,,,,True,2ef14005e12b0d7eb3c063bb498764d0ab2f613c,gpsx-example/project.godot,GithubPrankster/gpsx,version_events,"Added example, all the shaders lol should be good for now",False,False,False,4,,,0.1
2022-09-24,bc1d6d06eacc1a8190ac9850dc327b9172064129,2022-09-24,content-at-commit,godot,c11b20c3a83d,initial,,,,,True,936a1e03990f4057bd2726dca781adf070c3ccf2,example/project.godot,GithubPrankster/gpsx,version_events,GPSX 2.0,False,False,False,5,4.0,2023-03-01,0.1
2021-05-10,ceaedabe88e669da6ede5a5f3f6856cd826cd164,2021-05-10,content-at-commit,godot,c11b20c3a83d,initial,,,,,True,c4cd1834992ee3107acd2a6c00cec297808c7a5f,project.godot,GDQuest/learn-gdscript,version_events,first commit,False,False,False,4,,,0.1
2026-04-11,65a7b1495a8890270b43689724498b55d799a1fc,2026-04-11,content-at-commit,godot,c11b20c3a83d,major_migration,4,,,,True,975085d4bf22d34d455f95f8d1cb6286c8414f4a,project.godot,GDQuest/learn-gdscript,version_events,Rewrite Learn GDScript in Godot 4.6 (#1248),True,False,True,5,4.6,2026-01-26,0.1
2022-11-15,6a94c3bd302d729abafb3521109bd86028f1acbc,2022-11-15,content-at-commit,godot,c11b20c3a83d,initial,,,,,True,,examples/project.godot,godot-jolt/godot-jolt,version_events,Initial commit,False,False,False,5,4.0,2023-03-01,0.1
2023-07-06,e52499740c54fec7c0a8de1323d50964a819bb02,2023-07-06,content-at-commit,godot,c11b20c3a83d,minor_upgrade,5,4.0,1,0,True,5ee6fafe9248b846814be9fc9b48a32d32289032,examples/project.godot,godot-jolt/godot-jolt,version_events,Updated godot-cpp to godot-jolt/godot-cpp@f5077b4771 (#481),True,False,False,5,4.1,2023-07-06,0.1
2023-11-30,8ae0db63a098231a9c5971eae0d7ef9130a6b8a1,2023-11-30,content-at-commit,godot,c11b20c3a83d,minor_upgrade,5,4.1,1,0,True,a903c64f3ce462724c1c1c512c5bc9fe1172a603,examples/project.godot,godot-jolt/godot-jolt,version_events,Updated godot-cpp to godot-jolt/godot-cpp@c0dd7eeada (#698),True,False,False,5,4.2,2023-11-30,0.1
2024-06-01,4266151d922368d8e97021e59b63a2a115bf147a,2024-06-01,content-at-commit,godot,c11b20c3a83d,minor_upgrade,5,4.2,1,0,True,d891d9416738b79246afe500648959b9262dfe5d,examples/project.godot,godot-jolt/godot-jolt,version_events,Updated godot-cpp to godot-jolt/godot-cpp@0680a37de2 (#882),True,False,False,5,4.3,2024-08-15,0.1
2022-11-14,8225676e9a9c0e2da2c893c181eb27cf91aa145c,2022-11-14,content-at-commit,godot,c11b20c3a83d,initial,,,,,True,,project.godot,HolonProduction/godot_standalone_plugin,version_events,Initial commit,False,False,False,5,4.0,2023-03-01,0.1
2019-02-01,738e826d04b1bfe11a789f79f2963afb766ac775,2019-02-01,content-at-commit,godot,c11b20c3a83d,initial,,,,,True,,project.godot,TheDuriel/GDTwitch,version_events,Initial commit,False,False,False,3,,,0.1
2019-11-15,a26da00604ca013febf0739301bdf030efcdd398,2019-11-15,content-at-commit,godot,c11b20c3a83d,initial,,,,,True,8c297c4df0d228f41576c01aa859619bf76a528a,src/project.godot,noidexe/top-down-action-rpg-template,version_events,Add project files,False,False,False,4,,,0.1
2020-03-18,dc805baaca7bd4a5861829ea893d75d4c66b6d0d,2020-03-18,content-at-commit,godot,c11b20c3a83d,initial,,,,,True,3d82647da367234201389a9618493846f9d54c8f,project.godot,noidexe/top-down-action-rpg-template,version_events,Move files to root of git project so it's better handled by Godot's AssetLibrary installer.,True,False,False,4,,,0.1
2024-01-08,a9f3ccb41be5037990770b9e5357bbb091464a7a,2024-01-08,content-at-commit,godot,c11b20c3a83d,major_migration,4,,,,True,e0882ad8d9bc2eaa9c1d08444e92c32db7d78693,project.godot,noidexe/top-down-action-rpg-template,version_events,Updated to Godot 4.2.1,True,False,True,5,4.2,2023-11-30,0.1
2021-04-08,1a688a5e66327621a624abd46dbfee9b5e2e89db,2021-04-08,content-at-commit,godot,c11b20c3a83d,initial,,,,,True,,project.godot,Calinou/godot-2020-year-in-review,version_events,Initial commit,False,False,False,4,,,0.1
2021-12-09,f769d9d00af579b1a5230c1d5c77adbfb78fc293,2021-12-09,content-at-commit,godot,c11b20c3a83d,major_migration,4,,,,True,1a688a5e66327621a624abd46dbfee9b5e2e89db,project.godot,Calinou/godot-2020-year-in-review,version_events,Update for latest `master` branch,False,False,False,5,4.0,2023-03-01,0.1
2018-02-14,4a156016c4bfc4885806cd401c0286323ff2696f,2018-02-14,content-at-commit,godot,8c90d15dfa95,initial,,,,,True,,project.godot,Calinou/godot-multiple-resolutions,version_events,Initial commit,False,False,False,3,,,0.1
2019-02-28,2e87717f3ff97f0b90b2d7548813964849c97631,2019-02-28,content-at-commit,godot,8c90d15dfa95,initial,,,,,True,827a68f8caf8526de20a15afb8013aceadf1dc8b,project.godot,inthelamp/backgroundloadtest,version_events,Initial import,False,False,False,3,,,0.1
2021-10-07,503af7c9fc836e3c47534fb24b2794c5c12d0738,2021-10-07,content-at-commit,godot,8c90d15dfa95,initial,,,,,True,,project.godot,viniciusgerevini/godot-goap,version_events,initial implementation with firepit,False,False,False,4,,,0.1
2023-03-19,2c8bdc93e4eb274700d93e0a62c5f9e8a3152bac,2023-03-19,content-at-commit,godot,8c90d15dfa95,major_migration,4,,,,True,f6c2e4528cdb3e43c6fb78cc2ccaf70a1cf370f7,project.godot,viniciusgerevini/godot-goap,version_events,port to Godot 4,True,True,True,5,4.0,2023-03-01,0.1
2019-01-29,5993a086831461e8b810d0cd56384c3600090a98,2019-01-29,content-at-commit,godot,8c90d15dfa95,initial,,,,,True,,project.godot,mikolajww/GUI_Game,version_events,Added basic project structure,False,False,False,3,,,0.1
2017-11-18,1c0acb8e7a2074f486eadaaef9a95ccc6fcf3bfd,2017-11-18,content-at-commit,godot,8c90d15dfa95,initial,,,,,True,b87b3bd90dc844377d14f8422be5d07501e10c19,project.godot,MrJustreborn/godot_PCKManager,version_events,Impl PCKDirectory,False,False,False,3,,,0.1
2025-07-09,ad33c32c2e41fbe9b505173833f15e2d3d42c9b6,2025-07-09,content-at-commit,godot,8c90d15dfa95,major_migration,3,,,,True,965700de99f7e82648488d3fdd1dd417a83864d1,project.godot,MrJustreborn/godot_PCKManager,version_events,WIP: migrate to Godot 4.x,True,True,True,5,4.4,2025-03-03,0.1
2025-09-16,c85ac03eab1704938d122a85a964938228325b13,2025-09-16,content-at-commit,godot,8c90d15dfa95,minor_upgrade,5,4.4,1,0,True,56147388c8fad36db58d8e5466af45f9f7adcaf6,project.godot,MrJustreborn/godot_PCKManager,version_events,Support PCKv3 (Godot 4.5),True,False,True,5,4.5,2025-09-15,0.1
2019-06-25,b5cc38d78826abc223319d4f44dc0e3b1014dc47,2019-06-25,content-at-commit,godot,8c90d15dfa95,initial,,,,,True,,project.godot,Greaby/godot-perceptron,version_events,init project,False,False,False,4,,,0.1
2026-07-26,8f8c9930aeba12e2289f59585f128766b974a789,2026-07-26,content-at-commit,godot,8c90d15dfa95,major_migration,4,,,,True,3648f57d75660c3ecb931fe22b110036ffc5ffd4,project.godot,Greaby/godot-perceptron,version_events,feat: convert to Godot Engine 4.7,True,True,True,5,4.7,2026-06-18,0.1
2021-07-17,7496327e3eb29c124e70a05efede7759698f70c3,2021-07-17,content-at-commit,godot,8c90d15dfa95,initial,,,,,True,,project.godot,MateuSai/Godot-Roguelike-Tutorial,version_events,Initial commit,False,False,False,4,,,0.1
2023-06-09,c70e30b71d4558940f78c7b7323f8978598626e3,2023-06-09,content-at-commit,godot,8c90d15dfa95,major_migration,4,,,,True,9445f464b06d61817373c72dce027cc5a2e999af,project.godot,MateuSai/Godot-Roguelike-Tutorial,version_events,Update to Godot 4,True,False,True,5,4.0,2023-03-01,0.1
2022-11-23,0be14dbe835e2bba9d7b20beb3de83b756cf41c7,2022-11-23,content-at-commit,godot,8c90d15dfa95,initial,,,,,True,,SmoothMovement/project.godot,ReunMedia/gamedev-compass,version_events,Release SmoothMovement tutorial,False,False,False,4,,,0.1
2022-11-25,73af732957911caead6b4ad426662a87ee906a4b,2022-11-25,content-at-commit,godot,8c90d15dfa95,initial,,,,,True,0be14dbe835e2bba9d7b20beb3de83b756cf41c7,AdvancedMovement/project.godot,ReunMedia/gamedev-compass,version_events,Release AdvancedMovement tutorial & update READMEs,False,False,False,4,,,0.1
2022-12-02,57b894ec3a299785fc84f6923f86a1ba04a553bf,2022-12-02,content-at-commit,godot,8c90d15dfa95,initial,,,,,True,73af732957911caead6b4ad426662a87ee906a4b,TriggersInteraction/project.godot,ReunMedia/gamedev-compass,version_events,Release TriggersInteraction tutorial,False,False,False,4,,,0.1
2022-12-20,54a72e89e7b64fc50bb2a04452a5344b14664b87,2022-12-20,content-at-commit,godot,8c90d15dfa95,initial,,,,,True,57b894ec3a299785fc84f6923f86a1ba04a553bf,DungeonCrawlerMovement/project.godot,ReunMedia/gamedev-compass,version_events,Release DungeonCrawlerMovement tutorial,False,False,False,4,,,0.1
2023-02-17,3966c4f0e48819249b4ca96a9dedbdad6d694635,2023-02-17,content-at-commit,godot,8c90d15dfa95,initial,,,,,True,e500de9f0286cc991b20a6818ee56ecf44f3a601,LightDetection/project.godot,ReunMedia/gamedev-compass,version_events,Release LightDetection tutorial,False,False,False,5,4.0,2023-03-01,0.1
2023-10-17,d5d560b61e39d41d496d44d5c13cd9deadbc8afc,2023-10-17,content-at-commit,godot,8c90d15dfa95,initial,,,,,True,3966c4f0e48819249b4ca96a9dedbdad6d694635,FPSInGodot4/project.godot,ReunMedia/gamedev-compass,version_events,Release FPSInGodot4 tutorial,True,False,False,5,4.0,2023-03-01,0.1
2018-08-26,90740aeac46541d455815bf9eab3d1d0de4a62b1,2018-08-26,content-at-commit,godot,8c90d15dfa95,initial,,,,,True,b0b80311ac3b517617facc37ae2bc80ad19d80af,Godot3_procgen1_end/project.godot,kidscancode/godot3_procgen_demos,version_events,Initial project setup,False,False,False,3,,,0.1
2018-08-26,90740aeac46541d455815bf9eab3d1d0de4a62b1,2018-08-26,content-at-commit,godot,8c90d15dfa95,initial,,,,,True,b0b80311ac3b517617facc37ae2bc80ad19d80af,Godot3_procgen1_start/project.godot,kidscancode/godot3_procgen_demos,version_events,Initial project setup,False,False,False,3,,,0.1
2018-08-28,19f9e718ecb41c85f6fed0d0e7f1f01558a59bdc,2018-08-28,content-at-commit,godot,8c90d15dfa95,initial,,,,,True,90740aeac46541d455815bf9eab3d1d0de4a62b1,Godot3_procgen2_start/project.godot,kidscancode/godot3_procgen_demos,version_events,Part 1 finish,False,False,False,3,,,0.1
2018-08-29,3868dc8480ab748649a0e1a499d370c0eed7e86a,2018-08-29,content-at-commit,godot,8c90d15dfa95,initial,,,,,True,19f9e718ecb41c85f6fed0d0e7f1f01558a59bdc,part01/Godot3_procgen1_end/project.godot,kidscancode/godot3_procgen_demos,version_events,Organize projects by part,False,False,False,3,,,0.1
2018-08-29,3868dc8480ab748649a0e1a499d370c0eed7e86a,2018-08-29,content-at-commit,godot,8c90d15dfa95,initial,,,,,True,19f9e718ecb41c85f6fed0d0e7f1f01558a59bdc,part01/Godot3_procgen1_start/project.godot,kidscancode/godot3_procgen_demos,version_events,Organize projects by part,False,False,False,3,,,0.1
2018-08-29,3868dc8480ab748649a0e1a499d370c0eed7e86a,2018-08-29,content-at-commit,godot,8c90d15dfa95,initial,,,,,True,19f9e718ecb41c85f6fed0d0e7f1f01558a59bdc,part02/Godot3_procgen2_start/project.godot,kidscancode/godot3_procgen_demos,version_events,Organize projects by part,False,False,False,3,,,0.1
2018-09-11,ae149e7b0e948df222f8f0bb1b6a3c2f57ff0122,2018-09-11,content-at-commit,godot,8c90d15dfa95,initial,,,,,True,023c3181098e558504982ccac0d15dba96e23432,part02/Godot3_procgen2_end/project.godot,kidscancode/godot3_procgen_demos,version_events,Part 02,False,False,False,3,,,0.1
2018-09-26,64a08f73a5e62d2c0fcf6a7d018f1e4824c900eb,2018-09-26,content-at-commit,godot,8c90d15dfa95,initial,,,,,True,c6d973b2964a0e98b9423c728dda30cc4fa9404d,part03/Godot3_procgen3_end/project.godot,kidscancode/godot3_procgen_demos,version_events,part 03,False,False,False,3,,,0.1
2018-09-26,64a08f73a5e62d2c0fcf6a7d018f1e4824c900eb,2018-09-26,content-at-commit,godot,8c90d15dfa95,initial,,,,,True,c6d973b2964a0e98b9423c728dda30cc4fa9404d,part03/Godot3_procgen3_start/project.godot,kidscancode/godot3_procgen_demos,version_events,part 03,False,False,False,3,,,0.1
2018-11-04,b6a9b7b568e4ffdecddf107de29cf86cf6513219,2018-11-04,content-at-commit,godot,8c90d15dfa95,initial,,,,,True,7e5d48114a32ca8ea295c56a6c3c551f3016404c,part04/Godot3_2Dterrain1/project.godot,kidscancode/godot3_procgen_demos,version_events,part 04,False,False,False,3,,,0.1
2018-11-04,aec8e5e1829aaaf433932845a3d8bef3fb385386,2018-11-04,content-at-commit,godot,8c90d15dfa95,initial,,,,,True,b6a9b7b568e4ffdecddf107de29cf86cf6513219,part05/Godot3_2Dterrain2/project.godot,kidscancode/godot3_procgen_demos,version_events,part 05,False,False,False,3,,,0.1
2018-12-04,0b27826c22530377e7ca29671d6e7be7dc32ac06,2018-12-04,content-at-commit,godot,8c90d15dfa95,initial,,,,,True,aec8e5e1829aaaf433932845a3d8bef3fb385386,part06/Godot3_DungeonGen01/project.godot,kidscancode/godot3_procgen_demos,version_events,Dungeon Gen part 01,False,False,False,3,,,0.1
2018-12-10,bef982b2bb1baa0d12a2b298c067019c81de8189,2018-12-10,content-at-commit,godot,8c90d15dfa95,initial,,,,,True,0b27826c22530377e7ca29671d6e7be7dc32ac06,part07/Godot3_DungeonGen02/project.godot,kidscancode/godot3_procgen_demos,version_events,part 07,False,False,False,3,,,0.1
2018-12-20,af6d3b6477a8e671a96d0485dc27940f1885a831,2018-12-20,content-at-commit,godot,8c90d15dfa95,initial,,,,,True,bef982b2bb1baa0d12a2b298c067019c81de8189,part08/Godot3_DungeonGen03/project.godot,kidscancode/godot3_procgen_demos,version_events,part 08,False,False,False,3,,,0.1
2022-04-19,8cd2d61a4fdfbf2259328b1e6ea2c2805c2d6389,2022-04-19,content-at-commit,godot,8c90d15dfa95,initial,,,,,True,f55aba6d4c827e6dfbaf6a838fe4e8ad68dc2ed9,src/project.godot,ARez2/LootLocker-Godot-SDK,version_events,Intial upload,False,False,False,5,4.0,2023-03-01,0.1
2022-04-23,fedd5879652e8670024b6e0e82f44b5e17a3a49e,2022-04-23,content-at-commit,godot,8c90d15dfa95,initial,,,,,True,8cd2d61a4fdfbf2259328b1e6ea2c2805c2d6389,project.godot,ARez2/LootLocker-Godot-SDK,version_events,Add files via upload,False,False,False,5,4.0,2023-03-01,0.1
2023-08-21,c5ae6a26f95c1b85dd2721d965f126efe1874ef7,2023-08-21,content-at-commit,godot,8c90d15dfa95,minor_upgrade,5,4.0,2,1,True,c85e361ad4925be65bddda8fd3eb24e48ec85046,src/project.godot,ARez2/LootLocker-Godot-SDK,version_events,first commit of the new code,False,False,False,5,4.2,2023-11-30,0.1
2017-10-26,4408974ed11a084dc55492cf815b912aa91e7c47,2017-10-26,content-at-commit,godot,8c90d15dfa95,initial,,,,,True,948b2e2085326838a8100864bfb5f24e7be60fc0,creaturegodot3/Godot3Demo/project.godot,kestrelm/Creature_Godot,version_events,Adding Godot 3 Sample Demo Scene,True,False,True,3,,,0.1
2023-09-16,3d4afe57d2779e6ab99e4e26a8f29f0a51c99683,2023-09-16,content-at-commit,godot,8c90d15dfa95,initial,,,,,True,a31ec378bfa6319fbd3c6599b744b69c0c00e9f2,QFramework.Godot4.Net/project.godot,liangxiegame/QFramework,version_events,QFramework.cs 支持 Godot,True,False,False,5,4.1,2023-07-06,0.1
2023-09-26,da4bec7879bc1e2a5256831ba8c41a2af4b0e877,2023-09-26,content-at-commit,godot,8c90d15dfa95,initial,,,,,True,3d4afe57d2779e6ab99e4e26a8f29f0a51c99683,QFramework.Godot4+/project.godot,liangxiegame/QFramework,version_events,v1.0.93 release,False,False,False,5,4.1,2023-07-06,0.1
2022-07-03,7b70e2d0fc64e988ccfbf9250537570b10d631af,2022-07-03,content-at-commit,godot,8c90d15dfa95,initial,,,,,True,7c10c0e50ae8fb4362738485f3d179220a1d4caa,godot/project.godot,Chery-cake/base_gdextension,version_events,Add files via upload,False,False,False,5,4.0,2023-03-01,0.1
2025-05-02,f0ddcd0bb674831d2d86c6a94363fedddbb579eb,2025-05-02,content-at-commit,godot,8c90d15dfa95,minor_upgrade,5,4.0,5,4,True,45b1b86e0504a7cdf475219177867345e730e4fe,godot/project.godot,Chery-cake/base_gdextension,version_events,Updated for Godot 4.4,True,False,True,5,4.4,2025-03-03,0.1
2021-11-04,8d4e4e386a1058983923fad2247a458184726699,2021-11-04,content-at-commit,godot,8c90d15dfa95,initial,,,,,True,,project.godot,makifdb/godot-match3-template,version_events,Initial commit,False,False,False,4,,,0.1
2023-04-05,704cfe5d55d1bad4018fdc5c75ffa5ba6b28e1a8,2023-04-05,content-at-commit,godot,8c90d15dfa95,major_migration,4,,,,True,5f87e7be4dec362a53b957a46edbc264acd89d28,project.godot,makifdb/godot-match3-template,version_events,Update for Godot 4,True,False,True,5,4.0,2023-03-01,0.1
2020-08-30,faff59321b2a01093e16f0bbe1f623d5594e28cf,2020-08-30,content-at-commit,godot,8c90d15dfa95,initial,,,,,True,,project.godot,crystal-bit/godot-game-template,version_events,Initial commit,False,False,False,4,,,0.1
2023-09-18,904d8fed7a76ed2e619a12f259a9914cf22ba32e,2023-09-18,content-at-commit,godot,8c90d15dfa95,major_migration,4,,,,True,2105046e0d9b000bb11d9961ae4a686cf3ddadf1,project.godot,crystal-bit/godot-game-template,version_events,chore: automatic upgrade to Godot 4,True,True,True,5,4.1,2023-07-06,0.1
2024-01-06,4a5a8da0dfab52b799462e8543a7ee1cdb2c2c9e,2024-01-06,content-at-commit,godot,8c90d15dfa95,minor_upgrade,5,4.1,1,0,True,63edbc5afc248aefebc91cdc417c8241947807e0,project.godot,crystal-bit/godot-game-template,version_events,feat: upgrade to Godot 4.2.1,True,True,True,5,4.2,2023-11-30,0.1
2025-04-13,04d73b87bf72c30e54da9fcd3f2048340711f132,2025-04-13,content-at-commit,godot,8c90d15dfa95,minor_upgrade,5,4.2,3,2,True,766b30e0c66dfe0fd2be04ae129d24e2e1b13867,project.godot,crystal-bit/godot-game-template,version_events,feat: upgrade to Godot 4.4.,True,True,True,5,4.4,2025-03-03,0.1
2025-09-21,c5bfbf22341a48b13ae185d1a7e9312e093d737f,2025-09-21,content-at-commit,godot,8c90d15dfa95,minor_upgrade,5,4.4,1,0,True,a23b95e61dceef1e1db846c5b33b2ae3127aa81c,project.godot,crystal-bit/godot-game-template,version_events,Upgrade to Godot 4.5.,True,True,True,5,4.5,2025-09-15,0.1
2026-06-14,096fbfcb52cf709639cc76226e866957d5dc8bfd,2026-06-14,content-at-commit,godot,8c90d15dfa95,minor_upgrade,5,4.5,2,1,True,9caae9ef8d7138b638f0df29d820152212b11926,project.godot,crystal-bit/godot-game-template,version_events,update to Godot 4.7,True,False,True,5,4.7,2026-06-18,0.1
2024-01-19,87cbf92001aa3083db986c6f2c30d0917a9a487f,2024-01-19,content-at-commit,godot,8c90d15dfa95,initial,,,,,True,1ca34688533a878d93e22fe82317f7f826b5db0d,cmd/gd/graphics/project.godot,quaadgras/graphics.gd,version_events,Wrap go test and go run with the gd command.,False,False,False,5,,,0.1
2024-01-19,3f41187362d9765cbab059c02aa08fe64e8c6bef,2024-01-19,content-at-commit,godot,8c90d15dfa95,initial,,,,,False,fc5c1daf422bb8d5806094b46a99e76a7d2e13c5,cmd/gd/graphics/project.godot,quaadgras/graphics.gd,version_events,Wrap go test and go run with the gd command.,False,False,False,5,,,0.1
2024-01-28,766c1b0b20839ae4168993373d824ac2ed42e1f4,2024-01-28,content-at-commit,godot,8c90d15dfa95,initial,,,,,False,c9078137455f97bd0fc990a07fef2cbaea219d2f,2d/pong/graphics/project.godot,quaadgras/graphics.gd,version_events,Add missing file for pong input map,False,False,False,5,4.2,2023-11-30,0.1
2025-02-13,3e77d1fde20afe3ee7e3b96a54bcfd399d0d97a1,2025-02-13,content-at-commit,godot,8c90d15dfa95,initial,,,,,False,0825b6f07188ea90b2f8dc630ae2527a3257c8ff,2d/bullet_shower/graphics/project.godot,quaadgras/graphics.gd,version_events,add dynamic_tilemap_layers example,False,False,False,5,4.3,2024-08-15,0.1
2025-02-13,3e77d1fde20afe3ee7e3b96a54bcfd399d0d97a1,2025-02-13,content-at-commit,godot,8c90d15dfa95,initial,,,,,False,0825b6f07188ea90b2f8dc630ae2527a3257c8ff,2d/dynamic_tilemap_layers/graphics/project.godot,quaadgras/graphics.gd,version_events,add dynamic_tilemap_layers example,False,False,False,5,4.3,2024-08-15,0.1
2025-02-13,60c637aabfcb4d2a976847dac2af105f8657b760,2025-02-13,content-at-commit,godot,8c90d15dfa95,initial,,,,,False,5e5b0a362920a6b349bdb323ae8ebd8a86e9b6f6,2d/finite_state_machine/graphics/project.godot,quaadgras/graphics.gd,version_events,Add finite_state_machine example.,False,False,False,5,4.3,2024-08-15,0.1
2025-03-08,4cbf05e79b48ad61562bb0858cd26c823a386885,2025-03-08,content-at-commit,godot,8c90d15dfa95,minor_upgrade,5,4.3,2,1,False,60c637aabfcb4d2a976847dac2af105f8657b760,2d/bullet_shower/graphics/project.godot,quaadgras/graphics.gd,version_events,update to Godot 4.4,True,False,True,5,4.4,2025-03-03,0.1
2025-03-27,60e43cbf191ef7c208387bae854c8df8ecae5c33,2025-03-27,content-at-commit,godot,8c90d15dfa95,initial,,,,,False,59c1c0c61c292272ed3c5be6ba4b317d8fce3cad,3d/third-person-controller/graphics/project.godot,quaadgras/graphics.gd,version_events,Initial work on porting the gdquest 3D demo.,False,True,False,5,4.4,2025-03-03,0.1
2025-05-25,af4695a1243634f70ca8df3ce9c98254076c3f6f,2025-05-25,content-at-commit,godot,8c90d15dfa95,minor_upgrade,5,4.2,3,2,False,4fdb3ba86b00a1393ab643b75b57ec360571bba1,2d/pong/graphics/project.godot,quaadgras/graphics.gd,version_events,Update to latest graphics.gd,False,False,False,5,4.4,2025-03-03,0.1
2025-08-13,6820442a3b5d6c86b1ec2016845573e18302c03d,2025-08-13,content-at-commit,godot,8c90d15dfa95,minor_upgrade,5,4.3,2,1,False,6dacf09c0e8f35d46428f4180ae238f9116b2df3,2d/dynamic_tilemap_layers/graphics/project.godot,quaadgras/graphics.gd,version_events,updates,False,False,False,5,4.4,2025-03-03,0.1
2025-08-13,6820442a3b5d6c86b1ec2016845573e18302c03d,2025-08-13,content-at-commit,godot,8c90d15dfa95,minor_upgrade,5,4.3,2,1,False,6dacf09c0e8f35d46428f4180ae238f9116b2df3,2d/finite_state_machine/graphics/project.godot,quaadgras/graphics.gd,version_events,updates,False,False,False,5,4.4,2025-03-03,0.1
2025-08-31,57839fc7eb27cff928e4fd46d431920cc9a0e776,2025-08-31,content-at-commit,godot,8c90d15dfa95,initial,,,,,False,173f05ca18a0085e012c633af21ff5ec81f02ee3,2d/dodge_the_creeps/graphics/project.godot,quaadgras/graphics.gd,version_events,update graphics.gd,False,False,False,5,4.4,2025-03-03,0.1
2025-09-18,35febc84ff8b29b0699b4e2ca7c2e1eaa187bf70,2025-09-18,content-at-commit,godot,8c90d15dfa95,minor_upgrade,5,4.4,1,0,False,2fc89247f3e6d755192776df8a0e8c1bb87d23c7,2d/pong/graphics/project.godot,quaadgras/graphics.gd,version_events,update to latest graphics.gd,False,False,False,5,4.5,2025-09-15,0.1
2025-10-13,f3e7dec98554508e725bb6ffee0764bd7866e640,2025-10-13,content-at-commit,godot,8c90d15dfa95,initial,,,,,False,e0261b379b677721c8c20ad58b578dfb32980348,1d/custom_resource/graphics/project.godot,quaadgras/graphics.gd,version_events,Add more 2D samples,False,False,False,5,4.4,2025-03-03,0.1
2025-10-13,f3e7dec98554508e725bb6ffee0764bd7866e640,2025-10-13,content-at-commit,godot,8c90d15dfa95,initial,,,,,False,e0261b379b677721c8c20ad58b578dfb32980348,1d/documentation/graphics/project.godot,quaadgras/graphics.gd,version_events,Add more 2D samples,False,False,False,5,4.4,2025-03-03,0.1
2025-10-13,f3e7dec98554508e725bb6ffee0764bd7866e640,2025-10-13,content-at-commit,godot,8c90d15dfa95,initial,,,,,False,e0261b379b677721c8c20ad58b578dfb32980348,1d/enums/graphics/project.godot,quaadgras/graphics.gd,version_events,Add more 2D samples,False,False,False,5,4.4,2025-03-03,0.1
2025-10-13,f3e7dec98554508e725bb6ffee0764bd7866e640,2025-10-13,content-at-commit,godot,8c90d15dfa95,initial,,,,,False,e0261b379b677721c8c20ad58b578dfb32980348,1d/helloworld/graphics/project.godot,quaadgras/graphics.gd,version_events,Add more 2D samples,False,False,False,5,4.4,2025-03-03,0.1
2025-10-13,f3e7dec98554508e725bb6ffee0764bd7866e640,2025-10-13,content-at-commit,godot,8c90d15dfa95,initial,,,,,False,e0261b379b677721c8c20ad58b578dfb32980348,1d/rendering_device/graphics/project.godot,quaadgras/graphics.gd,version_events,Add more 2D samples,False,False,False,5,,,0.1
2025-10-13,f3e7dec98554508e725bb6ffee0764bd7866e640,2025-10-13,content-at-commit,godot,8c90d15dfa95,initial,,,,,False,e0261b379b677721c8c20ad58b578dfb32980348,1d/signals/graphics/project.godot,quaadgras/graphics.gd,version_events,Add more 2D samples,False,False,False,5,,,0.1
2025-10-13,f3e7dec98554508e725bb6ffee0764bd7866e640,2025-10-13,content-at-commit,godot,8c90d15dfa95,initial,,,,,False,e0261b379b677721c8c20ad58b578dfb32980348,1d/summator/graphics/project.godot,quaadgras/graphics.gd,version_events,Add more 2D samples,False,False,False,5,4.4,2025-03-03,0.1
2025-10-13,f3e7dec98554508e725bb6ffee0764bd7866e640,2025-10-13,content-at-commit,godot,8c90d15dfa95,initial,,,,,False,e0261b379b677721c8c20ad58b578dfb32980348,2d/custom_drawing/graphics/project.godot,quaadgras/graphics.gd,version_events,Add more 2D samples,False,False,False,5,,,0.1
2025-10-13,f3e7dec98554508e725bb6ffee0764bd7866e640,2025-10-13,content-at-commit,godot,8c90d15dfa95,initial,,,,,False,e0261b379b677721c8c20ad58b578dfb32980348,2d/glow/graphics/project.godot,quaadgras/graphics.gd,version_events,Add more 2D samples,False,False,False,5,4.4,2025-03-03,0.1
2025-10-13,f3e7dec98554508e725bb6ffee0764bd7866e640,2025-10-13,content-at-commit,godot,8c90d15dfa95,initial,,,,,False,e0261b379b677721c8c20ad58b578dfb32980348,2d/hexagonal_map/graphics/project.godot,quaadgras/graphics.gd,version_events,Add more 2D samples,False,False,False,5,4.4,2025-03-03,0.1
2025-10-13,f3e7dec98554508e725bb6ffee0764bd7866e640,2025-10-13,content-at-commit,godot,8c90d15dfa95,initial,,,,,False,e0261b379b677721c8c20ad58b578dfb32980348,2d/instancing/graphics/project.godot,quaadgras/graphics.gd,version_events,Add more 2D samples,False,False,False,5,4.4,2025-03-03,0.1
2025-10-13,f3e7dec98554508e725bb6ffee0764bd7866e640,2025-10-13,content-at-commit,godot,8c90d15dfa95,initial,,,,,False,e0261b379b677721c8c20ad58b578dfb32980348,2d/isometric/graphics/project.godot,quaadgras/graphics.gd,version_events,Add more 2D samples,False,False,False,5,4.4,2025-03-03,0.1
2025-10-13,f3e7dec98554508e725bb6ffee0764bd7866e640,2025-10-13,content-at-commit,godot,8c90d15dfa95,initial,,,,,False,e0261b379b677721c8c20ad58b578dfb32980348,2d/kinematic_character/graphics/project.godot,quaadgras/graphics.gd,version_events,Add more 2D samples,False,False,False,5,4.4,2025-03-03,0.1
2025-10-13,f3e7dec98554508e725bb6ffee0764bd7866e640,2025-10-13,content-at-commit,godot,8c90d15dfa95,initial,,,,,False,e0261b379b677721c8c20ad58b578dfb32980348,2d/light2d_as_mask/graphics/project.godot,quaadgras/graphics.gd,version_events,Add more 2D samples,False,False,False,5,4.4,2025-03-03,0.1
2025-10-13,f3e7dec98554508e725bb6ffee0764bd7866e640,2025-10-13,content-at-commit,godot,8c90d15dfa95,initial,,,,,False,e0261b379b677721c8c20ad58b578dfb32980348,2d/lights_and_shadows/graphics/project.godot,quaadgras/graphics.gd,version_events,Add more 2D samples,False,False,False,5,4.4,2025-03-03,0.1
2025-10-13,f3e7dec98554508e725bb6ffee0764bd7866e640,2025-10-13,content-at-commit,godot,8c90d15dfa95,initial,,,,,False,e0261b379b677721c8c20ad58b578dfb32980348,2d/navigation/graphics/project.godot,quaadgras/graphics.gd,version_events,Add more 2D samples,False,False,False,5,4.4,2025-03-03,0.1
2025-10-13,f3e7dec98554508e725bb6ffee0764bd7866e640,2025-10-13,content-at-commit,godot,8c90d15dfa95,initial,,,,,False,e0261b379b677721c8c20ad58b578dfb32980348,2d/navigation_astar/graphics/project.godot,quaadgras/graphics.gd,version_events,Add more 2D samples,False,False,False,5,4.4,2025-03-03,0.1
2025-10-13,f3e7dec98554508e725bb6ffee0764bd7866e640,2025-10-13,content-at-commit,godot,8c90d15dfa95,initial,,,,,False,e0261b379b677721c8c20ad58b578dfb32980348,2d/navigation_mesh_chunks/graphics/project.godot,quaadgras/graphics.gd,version_events,Add more 2D samples,False,False,False,5,4.4,2025-03-03,0.1
2026-02-21,89cb6900691f6e78e4cc55728457a1885f383219,2026-02-21,content-at-commit,godot,8c90d15dfa95,minor_upgrade,5,4.4,2,1,False,a7c91d47627cb9cfc461bba287461c341585cde0,1d/custom_resource/graphics/project.godot,quaadgras/graphics.gd,version_events,update to the latest graphics.gd,False,False,False,5,4.6,2026-01-26,0.1
2026-02-21,89cb6900691f6e78e4cc55728457a1885f383219,2026-02-21,content-at-commit,godot,8c90d15dfa95,minor_upgrade,5,4.4,2,1,False,a7c91d47627cb9cfc461bba287461c341585cde0,1d/documentation/graphics/project.godot,quaadgras/graphics.gd,version_events,update to the latest graphics.gd,False,False,False,5,4.6,2026-01-26,0.1
2026-02-21,89cb6900691f6e78e4cc55728457a1885f383219,2026-02-21,content-at-commit,godot,8c90d15dfa95,minor_upgrade,5,4.4,2,1,False,a7c91d47627cb9cfc461bba287461c341585cde0,1d/enums/graphics/project.godot,quaadgras/graphics.gd,version_events,update to the latest graphics.gd,False,False,False,5,4.6,2026-01-26,0.1
2026-02-21,89cb6900691f6e78e4cc55728457a1885f383219,2026-02-21,content-at-commit,godot,8c90d15dfa95,minor_upgrade,5,4.4,2,1,False,a7c91d47627cb9cfc461bba287461c341585cde0,1d/summator/graphics/project.godot,quaadgras/graphics.gd,version_events,update to the latest graphics.gd,False,False,False,5,4.6,2026-01-26,0.1
2026-02-21,89cb6900691f6e78e4cc55728457a1885f383219,2026-02-21,content-at-commit,godot,8c90d15dfa95,minor_upgrade,5,,,,False,a7c91d47627cb9cfc461bba287461c341585cde0,2d/custom_drawing/graphics/project.godot,quaadgras/graphics.gd,version_events,update to the latest graphics.gd,False,False,False,5,4.6,2026-01-26,0.1
2026-02-21,89cb6900691f6e78e4cc55728457a1885f383219,2026-02-21,content-at-commit,godot,8c90d15dfa95,minor_upgrade,5,4.4,1,0,False,a7c91d47627cb9cfc461bba287461c341585cde0,2d/dodge_the_creeps/graphics/project.godot,quaadgras/graphics.gd,version_events,update to the latest graphics.gd,False,False,False,5,4.5,2025-09-15,0.1
2026-02-21,89cb6900691f6e78e4cc55728457a1885f383219,2026-02-21,content-at-commit,godot,8c90d15dfa95,minor_upgrade,5,4.4,2,1,False,a7c91d47627cb9cfc461bba287461c341585cde0,2d/finite_state_machine/graphics/project.godot,quaadgras/graphics.gd,version_events,update to the latest graphics.gd,False,False,False,5,4.6,2026-01-26,0.1
2026-02-21,89cb6900691f6e78e4cc55728457a1885f383219,2026-02-21,content-at-commit,godot,8c90d15dfa95,minor_upgrade,5,4.4,2,1,False,a7c91d47627cb9cfc461bba287461c341585cde0,2d/hexagonal_map/graphics/project.godot,quaadgras/graphics.gd,version_events,update to the latest graphics.gd,False,False,False,5,4.6,2026-01-26,0.1
2026-02-21,89cb6900691f6e78e4cc55728457a1885f383219,2026-02-21,content-at-commit,godot,8c90d15dfa95,minor_upgrade,5,4.4,1,0,False,a7c91d47627cb9cfc461bba287461c341585cde0,3d/third-person-controller/graphics/project.godot,quaadgras/graphics.gd,version_events,update to the latest graphics.gd,False,False,False,5,4.5,2025-09-15,0.1
2026-03-22,2541f7d10b5737c512e03ac80c0d4ab35a6d69b2,2026-03-22,content-at-commit,godot,8c90d15dfa95,minor_upgrade,5,4.4,2,1,False,c4a10304ff7c996c7df5c3d3073aeb5f04d00db2,2d/bullet_shower/graphics/project.godot,quaadgras/graphics.gd,version_events,update bullet shower to latest godot,True,False,False,5,4.6,2026-01-26,0.1
2026-03-22,4ca7a785c455c6db0323e18cf3aa6910617efd54,2026-03-22,content-at-commit,godot,8c90d15dfa95,minor_upgrade,5,4.5,1,0,False,2541f7d10b5737c512e03ac80c0d4ab35a6d69b2,3d/third-person-controller/graphics/project.godot,quaadgras/graphics.gd,version_events,update more projects to 4.6,False,False,True,5,4.6,2026-01-26,0.1
2026-04-03,9fde2968f4d5cb3abc171faa5125c9e68ee6b6c3,2026-04-03,content-at-commit,godot,8c90d15dfa95,minor_upgrade,5,4.5,1,0,False,0d57fe270db96e31071a99732e1f84d8f6778ba4,2d/pong/graphics/project.godot,quaadgras/graphics.gd,version_events,update go.mod,False,False,False,5,4.6,2026-01-26,0.1
2022-04-13,dd93e264745546c221f90de5ea80ce3158f52739,2022-04-13,content-at-commit,godot,a4fc220d6d6b,initial,,,,,True,,project.godot,FunNoober/BRD-Sharp,version_events,Initial commit,False,False,False,4,,,0.1
2022-05-21,e38fbfa36cdde659fe3cbd96af700f2bcf87f55f,2022-05-21,content-at-commit,godot,a4fc220d6d6b,initial,,,,,True,da51aff62572e0764d2a224f9cd7ff127331141f,program_files/project.godot,FunNoober/BRD-Sharp,version_events,Increased Readability By Changing Font,False,False,False,4,,,0.1
2024-01-27,1d8ac4fcb3eb1c07938ea3564a3f48e7d284cc50,2024-01-27,content-at-commit,godot,a4fc220d6d6b,initial,,,,,True,012212c54ec6f7f0ddd64ddff9c93f07ac95d876,src/project.godot,FunNoober/BRD-Sharp,version_events,4.0 rewrite for Godot 4.2 and uses native config files instead of JSON files.,True,False,True,5,4.2,2023-11-30,0.1
2018-03-26,bbdcc24144da97cf38037ed778f73e94681695e9,2018-03-26,content-at-commit,godot,a4fc220d6d6b,initial,,,,,True,a180be8aa6563a45dba39d3f74c1b60ba90b7e3b,project.godot,iluvgodot/PlayAndStop,version_events,First setup of the widgets.,False,False,False,3,,,0.1
2023-01-20,362254c916d27976cb62c92b28a1d0755e920e29,2023-01-20,content-at-commit,godot,a4fc220d6d6b,initial,,,,,True,2946ef65f8a72cce56f24edad8aadbb9cb6f8014,project.godot,NetroScript/SpeedCrop,version_events,Create Initial State for application,False,False,False,5,4.0,2023-03-01,0.1
2022-10-29,44564636f3b444aee4747cd87e12ae4688707f42,2022-10-29,content-at-commit,godot,a4fc220d6d6b,initial,,,,,True,2f181de7d13df3f6e8d52c41cee3778fc54e182d,project.godot,godot-gdunit-labs/gdUnit4,version_events,Initial migration from GdUnit3 to GdUnit4,False,True,False,5,4.0,2023-03-01,0.1
2023-07-18,1a9911d6729595a649a2425f28bf98f8d2129e8d,2023-07-18,content-at-commit,godot,a4fc220d6d6b,minor_upgrade,5,4.0,1,0,True,e2a5588932017a95cdbff894c35400b24c82a615,project.godot,godot-gdunit-labs/gdUnit4,version_events,GD-224: Update project to Godot 4.1.1 (#223),True,False,True,5,4.1,2023-07-06,0.1
2023-12-02,a7a809c6d4f46176c85b7deedbe788836d6698ba,2023-12-02,content-at-commit,godot,a4fc220d6d6b,minor_upgrade,5,4.1,1,0,True,754eaa26828edd8f49434709584b0b5104ad96e6,project.godot,godot-gdunit-labs/gdUnit4,version_events,Release V4.2.0 (#289),False,False,True,5,4.2,2023-11-30,0.1
2024-06-16,edb26a89f91520c9cc3ce64bcb88984134938748,2024-06-16,content-at-commit,godot,a4fc220d6d6b,minor_upgrade,5,4.2,1,0,True,d0d4610a5125c0017177d70cc14595be46aff5a2,project.godot,godot-gdunit-labs/gdUnit4,version_events,GD-501: Prepare GdUnit4 for Godot 4.3.beta1 (#502),True,False,True,5,4.3,2024-08-15,0.1
2024-06-28,30481e98ab12ff02ecc08aa92615b040426555af,2024-06-28,content-at-commit,godot,a4fc220d6d6b,minor_downgrade,5,4.3,-1,0,True,c76d3496cc19d49415653499bc0a25892e8206c9,project.godot,godot-gdunit-labs/gdUnit4,version_events,GD-522: Fix shortcuts can't be changed anymore in GdUnit4 settings (#526),False,False,False,5,4.2,2023-11-30,0.1
2024-08-21,1c6b2e04f54ff0ebe1accb141401939417dc99d8,2024-08-21,content-at-commit,godot,a4fc220d6d6b,minor_upgrade,5,4.2,1,0,True,e3b122ed0d226bbe4ae6dec375d32d62c6211714,project.godot,godot-gdunit-labs/gdUnit4,version_events,Update GdUnit4 to work with Godot 4.3 release (#557),True,False,True,5,4.3,2024-08-15,0.1
2024-12-09,88643852262119043c06f7967770bc94abdad55d,2024-12-09,content-at-commit,godot,a4fc220d6d6b,minor_upgrade,5,4.3,2,1,True,7ad82a56663c4f46ed2790a5f779d4a66ad91496,project.godot,godot-gdunit-labs/gdUnit4,version_events,Update ci-pr to dev6 (#610),False,False,False,5,4.4,2025-03-03,0.1
2024-12-12,8d4d66c12cfb2b2254720242e64a2f377b2cae58,2024-12-12,content-at-commit,godot,a4fc220d6d6b,minor_downgrade,5,4.4,-2,0,True,2ec28a1848a851c83f68995b36614be9c8e30fce,project.godot,godot-gdunit-labs/gdUnit4,version_events,GD-609: Rework on GdUnit4 update notification (#612),False,False,False,5,4.3,2024-08-15,0.1
2025-06-01,e3d216748f4c3b8495e3cfdb962c035bdee0f731,2025-06-01,content-at-commit,godot,a4fc220d6d6b,minor_upgrade,5,4.3,2,1,True,e0de5c93406d71cebb48902d2f21e7d67a4f614f,project.godot,godot-gdunit-labs/gdUnit4,version_events,migrate to Godot441,True,True,False,5,4.4,2025-03-03,0.1
2025-09-26,5143ffa96d2ac6f7b5e200cf635ea720703ee4ea,2025-09-26,content-at-commit,godot,a4fc220d6d6b,minor_upgrade,5,4.4,1,0,True,70ac3f58d9570d0a21479cc2cc61806bc9d04c21,project.godot,godot-gdunit-labs/gdUnit4,version_events,GD-777: Add support for variadic functions (#898),False,False,False,5,4.5,2025-09-15,0.1
2026-01-29,ed031def00c0ee7971bf49ed4b38adafb8a5a227,2026-01-29,content-at-commit,godot,a4fc220d6d6b,minor_upgrade,5,4.5,1,0,True,b82ad85e40f67637fac08fc6755c9a9e13e80ce8,project.godot,godot-gdunit-labs/gdUnit4,version_events,GD-1069: Fixing compile errors and warnings (#1072),False,False,False,5,4.6,2026-01-26,0.1
2018-05-16,3d036e674ebd95f9a54e9067fd042cf0d020b62e,2018-05-16,content-at-commit,godot,a4fc220d6d6b,initial,,,,,True,,project.godot,BastiaanOlij/godot-terrain-edit,version_events,first commit,False,False,False,3,,,0.1
2018-05-18,5a82a0af5c5fe0638bc15aca6b3e676b5f0e3d7d,2018-06-30,content-at-commit,godot,a4fc220d6d6b,major_migration,3,,,,False,3c506b0b06451c1014144ffc6491a261bb5ede12,project.godot,BastiaanOlij/godot-terrain-edit,version_events,[WIP] Adding vegitation renderer,False,False,False,4,,,0.1
2021-06-18,b67d0d0d99fb45cea1eb14e92da15be52cd3fd85,2021-06-18,content-at-commit,godot,a4fc220d6d6b,initial,,,,,True,,project.godot,glass-brick/Scene-Manager,version_events,Initial implementation: Transitions,False,False,False,4,,,0.1
2022-02-10,87a5000dbfdc89b7931d7e1a73f404c6aa9b37dc,2022-02-10,content-at-commit,godot,a4fc220d6d6b,major_migration,4,,,,True,6e6857f79583376ea333a929a0d9abc46c3898c5,project.godot,glass-brick/Scene-Manager,version_events,Migration to Godot 4.0 Alpha2,True,True,True,5,4.0,2023-03-01,0.1
2026-07-22,2a9260ec1dc430007b546a6ff5822fdc1c3e07cd,2026-07-22,content-at-commit,godot,a4fc220d6d6b,minor_upgrade,5,4.0,8,7,True,f47bb625bde68b852f192fb992e0cfcb48e0d102,project.godot,glass-brick/Scene-Manager,version_events,migrate project to godot 4.7 and vendor gut 9.7.1,True,True,True,5,4.7,2026-06-18,0.1
2021-10-31,92739b802d1e38c41b05236d20ae9ad8dcc64bb8,2021-10-31,content-at-commit,godot,a4fc220d6d6b,initial,,,,,True,,project.godot,rednir/OsuSkinMixer,version_events,initial commit,False,False,False,4,,,0.1
2023-02-16,01eff331352af18cbb2dedac4d91e2b63238cf2b,2023-02-16,content-at-commit,godot,a4fc220d6d6b,major_migration,4,,,,True,3d873895bff28dc01ef761f982d3e356d4c919fe,project.godot,rednir/OsuSkinMixer,version_events,fresh start,False,False,False,5,4.0,2023-03-01,0.1
2023-06-22,6e39bf33cc883e00b47849a25413221335668136,2023-06-22,content-at-commit,godot,a4fc220d6d6b,minor_upgrade,5,4.0,1,0,True,6d499cc4b783ea68101803396a8ef8c9e33a7e76,project.godot,rednir/OsuSkinMixer,version_events,bump to godot 4.1 and disable thread safe checks,True,True,True,5,4.1,2023-07-06,0.1
2023-08-12,f1e4bf21680dc6466851ed4959cda1c47f443306,2023-08-12,content-at-commit,godot,a4fc220d6d6b,minor_upgrade,5,4.1,1,0,True,f679e1870b41edbae0994f416998b0d0c9160b29,project.godot,rednir/OsuSkinMixer,version_events,bump godot to 4.2,True,True,True,5,4.2,2023-11-30,0.1
2025-06-09,8c027f0907e3d17c23ccf7a47fc95ac09a079c85,2025-06-09,content-at-commit,godot,a4fc220d6d6b,minor_upgrade,5,4.2,3,2,True,84c9b0c9ce69887f470d249e0b2577e54e1959ff,project.godot,rednir/OsuSkinMixer,version_events,upgrade to godot 4.4,True,True,True,5,4.4,2025-03-03,0.1
2025-08-31,70784cc5915909ca44a4411a46f6b7343d08f493,2025-08-31,content-at-commit,godot,a4fc220d6d6b,minor_upgrade,5,4.4,1,0,True,655adc2240094e9c9ebe2b996cb8f464bc681068,project.godot,rednir/OsuSkinMixer,version_events,update godot version,True,True,False,5,4.5,2025-09-15,0.1
2020-03-28,20ea8ad74cb5f1d0b0fbb2e21e46d538890b7533,2020-03-28,content-at-commit,godot,a4fc220d6d6b,initial,,,,,True,,project.godot,rakkarage/PixelFood,version_events,first,False,False,False,4,,,0.1
2023-05-06,9bbd2c4f75ce639e3d973b644a3f82c37cbbcc84,2023-05-06,content-at-commit,godot,a4fc220d6d6b,major_migration,4,,,,False,ab8a54c35ba938d890514d27a0c839bca76e6865,project.godot,rakkarage/PixelFood,version_events,4,False,False,False,5,4.0,2023-03-01,0.1
2023-05-12,4cc220fa0e476abf605ff6deca484d23d9c4be47,2023-05-12,content-at-commit,godot,a4fc220d6d6b,major_migration,4,,,,True,ab8a54c35ba938d890514d27a0c839bca76e6865,project.godot,rakkarage/PixelFood,version_events,Squashed commit of the following:,False,False,False,5,4.0,2023-03-01,0.1
2023-06-26,8754cf26f589f8e97d387c6994433a8fb089d210,2023-06-26,content-at-commit,godot,a4fc220d6d6b,minor_upgrade,5,4.0,1,0,True,b8df2ccc3e0c3eacf0ac21fa1534d7c1bca69206,project.godot,rakkarage/PixelFood,version_events,x,False,False,False,5,4.1,2023-07-06,0.1
2022-10-03,2b3f8879cce70bf406df8fb32457e3f64cf52fe4,2022-10-03,content-at-commit,godot,a4fc220d6d6b,initial,,,,,True,,project.godot,lazercube/godot-multiplayer,version_events,Initial commit,False,False,False,5,4.0,2023-03-01,0.1
2020-08-24,0baf738ccfe80e9c7e63e5c4a6395d4068f82e3c,2020-08-24,content-at-commit,godot,a4fc220d6d6b,initial,,,,,True,587da5dd021cfb084b63608121e9ad8c896c7505,godot/project.godot,gdquest-demos/godot-2d-builder,version_events,Recreate godot project,True,False,False,4,,,0.1
2020-12-20,7875093bd1be56939fb2da7e1ff654895432b02a,2020-12-20,content-at-commit,godot,a4fc220d6d6b,initial,,,,,True,59ce8089811bb0007f45c730595dfff42ce22295,start-project/project.godot,gdquest-demos/godot-2d-builder,version_events,Add empty start project to repo,False,False,False,4,,,0.1
2021-01-18,558afbe500879bbf47da3ae583788fa0fa1e7bb6,2021-01-18,content-at-commit,godot,a4fc220d6d6b,initial,,,,,True,5e4d9e5bf2bd629faaddba6971a94dab9c717aca,start-project-2/project.godot,gdquest-demos/godot-2d-builder,version_events,Add start project for chapter 2,False,False,False,4,,,0.1
2021-01-27,057696674b8a779426a1dad1a8eb6a2c6164fb19,2021-01-27,content-at-commit,godot,a4fc220d6d6b,initial,,,,,True,e3e7cc16c08a534abb64d167b1fc8ad8da724e93,start-project-3/project.godot,gdquest-demos/godot-2d-builder,version_events,Add start project for third chapter,False,False,False,4,,,0.1
2026-08-20,7a747e581e58c8d472b30e1cdb7f0d682d3dae75,2026-08-20,content-at-commit,godot,a4fc220d6d6b,major_migration,4,,,,True,e78b92f9315c8786573700c6fa8a006e32fad69b,godot/project.godot,gdquest-demos/godot-2d-builder,version_events,Port the project to Godot 4.7,True,True,True,5,4.7,2026-06-18,0.1
2026-08-20,7a747e581e58c8d472b30e1cdb7f0d682d3dae75,2026-08-20,content-at-commit,godot,a4fc220d6d6b,major_migration,4,,,,True,e78b92f9315c8786573700c6fa8a006e32fad69b,start-project-2/project.godot,gdquest-demos/godot-2d-builder,version_events,Port the project to Godot 4.7,True,True,True,5,4.7,2026-06-18,0.1
2026-08-20,7a747e581e58c8d472b30e1cdb7f0d682d3dae75,2026-08-20,content-at-commit,godot,a4fc220d6d6b,major_migration,4,,,,True,e78b92f9315c8786573700c6fa8a006e32fad69b,start-project-3/project.godot,gdquest-demos/godot-2d-builder,version_events,Port the project to Godot 4.7,True,True,True,5,4.7,2026-06-18,0.1
2026-08-20,7a747e581e58c8d472b30e1cdb7f0d682d3dae75,2026-08-20,content-at-commit,godot,a4fc220d6d6b,major_migration,4,,,,True,e78b92f9315c8786573700c6fa8a006e32fad69b,start-project/project.godot,gdquest-demos/godot-2d-builder,version_events,Port the project to Godot 4.7,True,True,True,5,4.7,2026-06-18,0.1
2021-07-22,a7bfb6fb3f693ae34f9a091312c4977a3aa46371,2021-07-22,content-at-commit,godot,a4fc220d6d6b,initial,,,,,True,8d1f47ad9ed06f91c8945c95a022bf4c06d724ab,project.godot,V-Sekai-archive/godot-gltf-sandbox,version_events,Initial stub.,False,False,False,4,,,0.1
2022-01-19,9f9317559eb59fe1c9d31982b4999238ed2a7056,2022-01-19,content-at-commit,godot,a4fc220d6d6b,major_migration,4,,,,True,de94849adcb6acc4ea4158a990a3fa309bba8885,project.godot,V-Sekai-archive/godot-gltf-sandbox,version_events,Update sample project to the latest Godot Engine.,True,False,False,5,4.0,2023-03-01,0.1
2019-08-17,6cae66db8c6e33bfaad980b7946095f87b52cbf9,2019-08-17,content-at-commit,godot,a4fc220d6d6b,initial,,,,,True,d1164a36785e39713fc05d34589b77255862ec67,game/project.godot,gdquest-demos/godot-3-beginner-2d-platformer,version_events,Add godot project and basic tileset,True,False,False,4,,,0.1
2021-03-01,fae8d2490f8eac56f4a07dc8225ee037275cbec3,2021-03-01,content-at-commit,godot,a4fc220d6d6b,initial,,,,,True,e6dad032a35664f2329e8da37546b0a1fe0a0cf3,mono-game/project.godot,gdquest-demos/godot-3-beginner-2d-platformer,version_events,Add C# version of the project (#41),False,False,False,4,,,0.1
2023-05-06,bb2f0fe15bb4f0191713c92366b0545ccf582966,2023-05-06,content-at-commit,godot,a4fc220d6d6b,initial,,,,,True,fae8d2490f8eac56f4a07dc8225ee037275cbec3,godot-4game/project.godot,gdquest-demos/godot-3-beginner-2d-platformer,version_events,feat: port project to Godot 4 (#45),True,True,True,5,4.0,2023-03-01,0.1
2024-09-07,9daedd3093769834a943834305e603cb7657297b,2024-09-07,content-at-commit,godot,a4fc220d6d6b,initial,,,,,True,5f1719bdaa97da128c2630981f3db7d8048dcaaf,Source/Gaia.Client.Godot/project.godot,cahyaong/cop.gaia,version_events,Added new Godot project.,True,False,False,5,4.3,2024-08-15,0.1
2022-12-16,6d7a0a515507ecc96ec9d376a64749b3f25afa9b,2022-12-16,content-at-commit,godot,a4fc220d6d6b,initial,,,,,True,,project.godot,theRealProHacker/BirdsTD,version_events,Initial commit,False,False,False,4,,,0.1
2023-08-27,e6be86c28d5afa9e6639f82c0e3d05ce2d67168b,2023-08-27,content-at-commit,godot,a4fc220d6d6b,major_migration,4,,,,True,6d7a0a515507ecc96ec9d376a64749b3f25afa9b,project.godot,theRealProHacker/BirdsTD,version_events,added .godot,False,False,False,5,4.0,2023-03-01,0.1
2017-06-17,9e3162e9bc4b87b8d5b11deffd81dfb3c2022fb7,2017-06-17,content-at-commit,godot,a4fc220d6d6b,initial,,,,,True,f2e18514460b55a7548f3d0a67166d7018713671,TestViewport/project.godot,BastiaanOlij/godot3_test_projects,version_events,Added Test viewport',False,False,False,3,,,0.1
2017-06-18,f07d4d1bc748c9b7dcf44820b0381962dee7db61,2017-06-18,content-at-commit,godot,a4fc220d6d6b,initial,,,,,True,8cdd51852e63462e90928726e41fea5fb517576a,TestPrimitives/project.godot,BastiaanOlij/godot3_test_projects,version_events,Added my test primitives project,False,False,False,3,,,0.1
2017-07-08,cead5bbbdd37de9269d2c66d2238ccc69bd0c85f,2017-07-08,content-at-commit,godot,a4fc220d6d6b,initial,,,,,True,c028cbbc781c3482f03b693f65dce023e6f2a64f,TestGodotARVR/project.godot,BastiaanOlij/godot3_test_projects,version_events,Now starts full screen and did some tweaks so OpenHMD now works,False,False,False,3,,,0.1
2017-07-29,cd0ecf3321c57a109a7c924ec2f91ee5ef72fd13,2017-07-29,content-at-commit,godot,a4fc220d6d6b,initial,,,,,True,0160b0d3d1d3dcb6043497fb95e459512e7081f3,ARKit/project.godot,BastiaanOlij/godot3_test_projects,version_events,New ARKit test project,False,False,False,3,,,0.1
2017-08-20,3ee9f2b4135f2bb13d995f8f2a086b6b79349dc8,2017-08-20,content-at-commit,godot,a4fc220d6d6b,initial,,,,,True,e33b3a6359fbf339db2d54acb151c78c237bf86f,TestCameraServer/project.godot,BastiaanOlij/godot3_test_projects,version_events,Working on a demo project for testing the new Camera Server,False,False,False,3,,,0.1
2019-01-21,14638ea0300cf1fe2c5b0994a79add1d14959b87,2019-01-21,content-at-commit,godot,a4fc220d6d6b,major_migration,3,,,,True,fb8d59341217226bee29e6ec58f7e5fd0576df15,ARKit/project.godot,BastiaanOlij/godot3_test_projects,version_events,Updated ARKit to 3.1,False,False,True,4,,,0.1
2019-01-21,6f03c32baf40e588cfa821b4dac4e2e2419ac7cf,2019-01-21,content-at-commit,godot,a4fc220d6d6b,major_migration,3,,,,True,14638ea0300cf1fe2c5b0994a79add1d14959b87,TestCameraServer/project.godot,BastiaanOlij/godot3_test_projects,version_events,Updated camera server demo for 3.1,False,False,True,4,,,0.1
2019-03-07,2b23f71461006ccc3f1e5069dda6f7d504aaf911,2019-03-07,content-at-commit,godot,a4fc220d6d6b,initial,,,,,True,d6dfca5ea212559e8d9ea3518e2c55ef5b65ec00,ARCore/project.godot,BastiaanOlij/godot3_test_projects,version_events,Starting on an ARCore example project,False,False,False,4,,,0.1
2022-07-20,bcb86b6a387bfc3d088a42c943fc8185a7f9ed69,2022-07-20,content-at-commit,godot,a4fc220d6d6b,initial,,,,,True,6a7459375c68f67549601a7606d8d5db3198a8d6,project.godot,russmatney/dino,version_events,feat: init godot project,True,False,False,4,,,0.1
2023-02-09,0afa6d834e671cbacb6372edec7ab154d4a949b1,2023-02-09,content-at-commit,godot,a4fc220d6d6b,major_migration,4,,,,True,2f0b3f2790e2b5a1e55a9658ec6a8cc5818c9bd1,project.godot,russmatney/dino,version_events,"chore: godot 3to4 tool automatic updates, plus asset reimport",True,False,False,5,4.0,2023-03-01,0.1
2023-07-06,6af16189127d247d21091da6a6bd3da90fcfe303,2023-07-06,content-at-commit,godot,a4fc220d6d6b,minor_upgrade,5,4.0,1,0,True,19feb0873288a3c882e34eba7b831e5f9396d994,project.godot,russmatney/dino,version_events,feat: restart game autoloads plugin helper,False,False,False,5,4.1,2023-07-06,0.1
2023-10-18,f45b1b0e6145e1d66adf5043bbb7a57dfd02881c,2023-10-18,content-at-commit,godot,a4fc220d6d6b,minor_downgrade,5,4.2,-1,0,True,12f0636a218a2dc66d8c1a318a9bf5dd18e2b5ba,project.godot,russmatney/dino,version_events,feat: lights lit by plugged sockets,False,False,False,5,4.1,2023-07-06,0.1
2023-10-18,12f0636a218a2dc66d8c1a318a9bf5dd18e2b5ba,2023-10-18,content-at-commit,godot,a4fc220d6d6b,minor_upgrade,5,4.1,1,0,True,528fa97a370138d6dac4e65918104ea7cf28f623,project.godot,russmatney/dino,version_events,"fix: woods room crash, disable some main-scene editor plugins",False,False,False,5,4.2,2023-11-30,0.1
2023-11-13,bae1aea8a9e19f02cab399787b7260b766dcc16f,2023-11-13,content-at-commit,godot,a4fc220d6d6b,minor_upgrade,5,4.1,1,0,True,c56bc6f6b74371b7325676d6f82b256d45bb0ad2,project.godot,russmatney/dino,version_events,"chore: bump to 4.2.beta6, fix new lsp warnings",False,True,True,5,4.2,2023-11-30,0.1
2023-11-14,6bb0ef6608d06a18beeee01aace22bb58d18d8f5,2023-11-14,content-at-commit,godot,a4fc220d6d6b,minor_downgrade,5,4.2,-1,0,True,061de3e17f27901e4c824df4aefb9a0f18b0817a,project.godot,russmatney/dino,version_events,"wip: minimizing Game.gd, break out player bits into Player.gd",False,False,False,5,4.1,2023-07-06,0.1
2023-11-23,a4fa2b087810ac53dff02bfd46bc918d54bb7ba2,2023-11-23,content-at-commit,godot,a4fc220d6d6b,minor_upgrade,5,4.1,1,0,True,f09236b63f3bd5ac7c3de93cdb37c6d7b3c323cf,project.godot,russmatney/dino,version_events,"chore: set movie_writer file, bump godot verison",True,True,False,5,4.2,2023-11-30,0.1
2024-09-22,ee522863479038cd3013d311949075cf8668a0f0,2024-09-22,content-at-commit,godot,a4fc220d6d6b,minor_upgrade,5,4.2,1,0,True,96f826b322e9a20e17e58963988269ef660e0e1a,project.godot,russmatney/dino,version_events,chore: godot 4.3 update,True,False,True,5,4.3,2024-08-15,0.1
2025-05-28,6808d6e9342e11841afcfdeec4d5ca4bd8a86a94,2025-05-28,content-at-commit,godot,a4fc220d6d6b,minor_upgrade,5,4.3,2,1,True,02efc7a73916e29c3d52f436609f4a2856d9e430,project.godot,russmatney/dino,version_events,chore: godot 4.4 .uid update,True,False,True,5,4.4,2025-03-03,0.1
2025-12-21,54f98a35a9e16a45047e3ee57dc86400486b5de7,2025-12-21,content-at-commit,godot,a4fc220d6d6b,minor_upgrade,5,4.4,1,0,True,b5e9da570380b291df31e158a3a0cd56ffd38f2d,project.godot,russmatney/dino,version_events,upgrade: godot 4.5,True,True,True,5,4.5,2025-09-15,0.1
2026-02-21,2fb6f83268f7fe04e1ea133a52ef86ef2d3a848b,2026-02-21,content-at-commit,godot,a4fc220d6d6b,minor_upgrade,5,4.5,1,0,True,2cac259d820e91ab6197efc3c7c3121f130f79c7,project.godot,russmatney/dino,version_events,fix: godot 4.6 update noise,True,False,True,5,4.6,2026-01-26,0.1
2022-10-19,bfa0e145b3461dcd42cdb648209f2954a9761aed,2022-10-19,content-at-commit,godot,b57512aa4f06,initial,,,,,True,,project.godot,davisbrandon02/colony-sim-tutorial,version_events,Video 2,False,False,False,5,4.0,2023-03-01,0.1
2024-11-04,fe8b3067040d248e4bb33890f810d9a5ce7e6114,2024-11-04,content-at-commit,godot,b57512aa4f06,minor_upgrade,5,4.2,1,0,True,1c3d2d7ba6bf19a70bcbb245f20955f242870be4,project.godot,davisbrandon02/colony-sim-tutorial,version_events,tile system overhaul start,False,False,False,5,4.3,2024-08-15,0.1
2024-11-04,e8e3782204edb1f99d241fd8a95f2cb3e8de7eec,2024-11-04,content-at-commit,godot,b57512aa4f06,minor_upgrade,5,4.0,2,1,True,6b39ed281e28d3bd9fc12f7a8139dfb92468e3f3,project.godot,davisbrandon02/colony-sim-tutorial,version_events,start of overhaul,False,False,False,5,4.2,2023-11-30,0.1
2025-05-27,004f9936c893bf6a62f5d1e256398adfde7f8824,2025-05-27,content-at-commit,godot,b57512aa4f06,minor_upgrade,5,4.3,2,1,True,35b8bf86a87d6a74ab8eaf36b30fc318ba3f36de,project.godot,davisbrandon02/colony-sim-tutorial,version_events,update to godot 4.4,True,False,True,5,4.4,2025-03-03,0.1
2022-10-11,b62aadef911056237c42dd8e0cf86c88c5349229,2022-10-11,content-at-commit,godot,b57512aa4f06,initial,,,,,True,,gd-proj-template/project.godot,geowarin/godot-anim-lib-export,version_events,init,False,False,False,5,4.0,2023-03-01,0.1
2024-08-16,0d3d6891bbf65e181dac1426b359b78fd8d3629e,2024-08-16,content-at-commit,godot,b57512aa4f06,minor_upgrade,5,4.0,3,2,True,744bbb569b20572c7d4d9ca49f5fff7549b3125d,src/godot/project_template/project.godot,geowarin/godot-anim-lib-export,version_events,update godot,True,False,False,5,4.3,2024-08-15,0.1
2024-08-16,744bbb569b20572c7d4d9ca49f5fff7549b3125d,2024-08-16,content-at-commit,godot,b57512aa4f06,initial,,,,,True,0d213061b4f836a12b996864b76daeca01eefe97,src/godot/project_template/project.godot,geowarin/godot-anim-lib-export,version_events,re-organize,False,False,False,5,4.0,2023-03-01,0.1
2024-08-17,9198065b32be844d4b1b7181aa666225ee7212be,2024-08-19,content-at-commit,godot,b57512aa4f06,minor_downgrade,5,4.3,-3,0,True,0d3d6891bbf65e181dac1426b359b78fd8d3629e,src/godot/project_template/project.godot,geowarin/godot-anim-lib-export,version_events,separate godot 4.2 and 4.3 templates just in case,True,False,True,5,4.0,2023-03-01,0.1
2024-08-17,9198065b32be844d4b1b7181aa666225ee7212be,2024-08-19,content-at-commit,godot,b57512aa4f06,initial,,,,,True,0d3d6891bbf65e181dac1426b359b78fd8d3629e,src/godot/project_template_43/project.godot,geowarin/godot-anim-lib-export,version_events,separate godot 4.2 and 4.3 templates just in case,True,False,True,5,4.3,2024-08-15,0.1
2018-01-11,4243d9b2b6a5604eb398a148983f52698665c54b,2018-01-11,content-at-commit,godot,b57512aa4f06,initial,,,,,True,05dc11db704573e33248939e70c3680ef944d82f,project.godot,sftblw/gdstory,version_events,Godot 3.0 베타로 이식,True,False,True,3,,,0.1
2022-10-31,b0c07527bb395922a9dc5ebc2997a7aa5b9c7e2e,2022-10-31,content-at-commit,godot,b57512aa4f06,initial,,,,,True,,project.godot,brannotaylor/SurvivorsClone_Complete,version_events,Project,False,False,False,5,4.0,2023-03-01,0.1
2018-02-11,89f04ebe2fa190ef0d99d9ee8d6b4369ea442d8e,2018-02-11,content-at-commit,godot,b57512aa4f06,initial,,,,,True,,project.godot,itemcrate/godot-2d-template,version_events,Initialize boilerplate stuff,False,False,False,3,,,0.1
2018-06-08,655c83bba8ce03de31cf57d4b145c7ba06503ff4,2018-06-08,content-at-commit,godot,b57512aa4f06,initial,,,,,True,29d264f73354410d405e6fd37183f2c47bf0379e,2d-project/project.godot,itemcrate/godot-2d-template,version_events,"Moved boilerplate project to subdirectory, fixed gitignore",False,False,False,3,,,0.1
2022-08-26,8d40094cde76074c2e10bc16777518b32cb01361,2022-08-26,content-at-commit,godot,b57512aa4f06,initial,,,,,True,91d7dd5c99affe8a7e2dee54f3c03b9315b33f0e,godot/project.godot,bitbrain/godot-gamejam,version_events,:sparkles: initial setup,False,False,False,5,4.0,2023-03-01,0.1
2024-01-16,fe2578f91061991e58627bd29628c2bcf36f68f2,2024-01-16,content-at-commit,godot,b57512aa4f06,minor_upgrade,5,4.0,2,1,True,8011a4f4d352c7c55fd2daa82724bfb16b2794fa,godot/project.godot,bitbrain/godot-gamejam,version_events,Godot 4.2,True,False,True,5,4.2,2023-11-30,0.1
2025-05-06,53baefb2348c4ed8a0e7d0211b26ec3097c4cf56,2025-05-06,content-at-commit,godot,b57512aa4f06,minor_upgrade,5,4.2,3,2,True,7fc41e3f210ce90fd982bc2e17d726ed71dc30cb,godot/project.godot,bitbrain/godot-gamejam,version_events,"Upgrade to Godot 4.4 + remove music, closes #11",True,True,True,5,4.4,2025-03-03,0.1
2026-08-19,159f2c47196ac45ea9e96f01a0264c7c1bc617aa,2026-08-19,content-at-commit,godot,b57512aa4f06,minor_upgrade,5,4.4,3,2,True,53baefb2348c4ed8a0e7d0211b26ec3097c4cf56,godot/project.godot,bitbrain/godot-gamejam,version_events,move project to Godot 4.7,True,False,True,5,4.7,2026-06-18,0.1
2019-01-10,ac8242bbaaaa18198a06cb2c7289a607713d29ec,2019-01-10,content-at-commit,godot,b57512aa4f06,initial,,,,,True,,project.godot,afska/test-godot-music,version_events,Testing music with godot,True,False,False,3,,,0.1
2020-09-19,7380c44936127f023b90da1ca3902c46b22f13fe,2020-09-19,content-at-commit,godot,b57512aa4f06,initial,,,,,True,,project.godot,sakkaku-dev/godot-template,version_events,Initial commit,False,False,False,4,,,0.1
2023-01-22,9593a8635f5014de628e0a32154f84579621bfc8,2023-01-22,content-at-commit,godot,b57512aa4f06,major_migration,4,,,,True,2620a64feac1d2668e523db268bb655e2ee27bdd,project.godot,sakkaku-dev/godot-template,version_events,update to godot 4,True,False,True,5,4.0,2023-03-01,0.1
2023-06-17,e8b93b861114d4219b3f17c9ea539b597a089579,2023-06-17,content-at-commit,godot,b57512aa4f06,initial,,,,,True,f4a723aa67fb20982493c1be176482d7a1f106f6,godot/project.godot,sakkaku-dev/godot-template,version_events,move to godot folder,True,False,False,5,4.0,2023-03-01,0.1
2023-08-01,af3f5ba6f6af2b570bd419c48e6a0d17ac13d6a4,2023-08-01,content-at-commit,godot,b57512aa4f06,minor_upgrade,5,4.0,1,0,True,86b29e4ac23bbbbf44b1410e2886b2453a4bdd8f,godot/project.godot,sakkaku-dev/godot-template,version_events,add unit test class,False,False,False,5,4.1,2023-07-06,0.1
2024-01-29,6ab1198b06ec7be1f3f501d5e684e855057e4135,2024-01-29,content-at-commit,godot,b57512aa4f06,minor_upgrade,5,4.1,1,0,True,33c867d7beb76bfaf2c8b9939b8a3ca9c1b78daf,godot/project.godot,sakkaku-dev/godot-template,version_events,move to old system,False,False,False,5,4.2,2023-11-30,0.1
2023-01-25,2b95cb3b41990fe0a270396b6fc8cc08ba030894,2023-01-25,content-at-commit,godot,b57512aa4f06,initial,,,,,True,d231d0b318177d29d5a99a5bea75c11b6e036dad,godot_sample_project/project.godot,niscolas/nvim-godot,version_events,misc: project new organization,False,False,False,4,,,0.1
2023-01-25,46bbc5d3b76d01b85883b2fcdd72044705129b50,2023-01-25,content-at-commit,godot,b57512aa4f06,initial,,,,,True,,sample_godot_project/project.godot,niscolas/nvim-godot,version_events,feat: first commit with initial files,False,False,False,4,,,0.1
2023-03-21,23cb4d68120571437adb4bb372103047a7a25b18,2023-03-21,content-at-commit,godot,b57512aa4f06,major_migration,4,,,,True,adf39005b513d4f2bfcb26433ef4db8b17c15f44,godot_sample_project/project.godot,niscolas/nvim-godot,version_events,feat: updates godot_sample_project to Godot 4,True,False,True,5,4.0,2023-03-01,0.1
2021-12-18,e32751c7c6007ddccbc6e6435bc4dda4cd42cafa,2021-12-18,content-at-commit,godot,b57512aa4f06,initial,,,,,True,bd4824110d78ed7830467f8a4fd0a99f5a0af763,example/project.godot,Flone-dnb/FBugReporter,version_events,Add example.,False,False,False,4,,,0.1
2023-05-21,6d9c10e11baafc649e894331269a4ccc9d26f486,2023-05-21,content-at-commit,godot,b57512aa4f06,major_migration,4,,,,True,6a0e373ddbce9d3aa697240bbdcd7ff11b6a3f71,example/project.godot,Flone-dnb/FBugReporter,version_events,"Update dependencies, fix build, support Godot 4.",True,False,True,5,4.0,2023-03-01,0.1
2022-12-24,8e1de7bbf0118c4a6afe7aebea32b505d509b949,2022-12-24,content-at-commit,godot,b57512aa4f06,initial,,,,,True,,project.godot,lesleyrs/clipboard-narrator,version_events,Humanity has been improved,False,False,False,5,4.0,2023-03-01,0.1
2023-07-07,008adfbfafe846dd17ee9cc97a6c7ab057e87ab1,2023-07-07,content-at-commit,godot,b57512aa4f06,minor_upgrade,5,4.0,1,0,True,ac3449fdf5576fdb675601300e3af95653e13559,project.godot,lesleyrs/clipboard-narrator,version_events,update to godot 4.1,True,False,True,5,4.1,2023-07-06,0.1
2022-11-11,9f4d7b4928be879f705927c129c30083d5b67518,2022-11-11,content-at-commit,godot,b57512aa4f06,initial,,,,,True,,project.godot,HumanoidSandvichDispenser/SupaLidlGame,version_events,init,False,False,False,5,4.0,2023-03-01,0.1
2023-03-23,7f042f0130bee96a104696ae0ed3216b3e065d9d,2023-03-23,content-at-commit,godot,b57512aa4f06,minor_upgrade,5,4.0,1,0,True,ac14ed0aee41a5cd6eff8d117bbb219288a30939,project.godot,HumanoidSandvichDispenser/SupaLidlGame,version_events,upgrade to godot 4.1,True,True,True,5,4.1,2023-07-06,0.1
2023-12-10,388c2a0e4c9296a4e3b8e138203b89a69a34e44a,2023-12-10,content-at-commit,godot,b57512aa4f06,minor_upgrade,5,4.1,1,0,True,b99dca6eca63e4a00c676dd6f9467168ed72e7ee,project.godot,HumanoidSandvichDispenser/SupaLidlGame,version_events,"update to godot 4.2, started navmeshes",True,False,True,5,4.2,2023-11-30,0.1
2024-01-04,097f49487a9fa4ca89b0573f1e4432ec592d3938,2024-01-04,content-at-commit,godot,b57512aa4f06,minor_upgrade,5,4.2,1,0,True,d5837f82b44ef443079488526e2a600a8f148e47,project.godot,HumanoidSandvichDispenser/SupaLidlGame,version_events,upgrade to godot 4.3,True,True,True,5,4.3,2024-08-15,0.1
2024-04-19,23ea47cc3040943457b9164c940a81edcb0e9009,2024-04-19,content-at-commit,godot,b57512aa4f06,initial,,,,,True,a24d79a0ab262f43fd03777d954c9b93efed4b9d,test_gd4/project.godot,kaluluosi/GDExcelExporter,version_events,增加godot4的测试项目,True,False,False,5,4.2,2023-11-30,0.1
2018-03-12,d416396ff708039dcd60dae2c4a681b7656b7da5,2018-03-12,content-at-commit,godot,b57512aa4f06,initial,,,,,True,c84124df2c154d6836ce825a277dc529e0970aaf,project.godot,amedlock/minotaur,version_events,move to godot 3,True,False,True,3,,,0.1
2019-09-21,438f9de85ebf2561e18774ca0c4af91962a91e1e,2019-09-21,content-at-commit,godot,b57512aa4f06,major_migration,3,,,,True,87311ab47e123fc77988f1238067be5dbc45f9b9,project.godot,amedlock/minotaur,version_events,merge other working dir,False,False,False,4,,,0.1
2023-04-07,4d743b0f781e046eb413d3175252a71fdebee397,2023-04-07,content-at-commit,godot,b57512aa4f06,major_migration,4,,,,True,d3143b907c6a22448fc42f0b84cda8a1a66a2a74,project.godot,amedlock/minotaur,version_events,convert to godot 4,True,True,True,5,4.0,2023-03-01,0.1
2024-08-17,30952215a8f06e16b61912b8cba4db83e8286661,2024-08-17,content-at-commit,godot,b57512aa4f06,minor_upgrade,5,4.2,1,0,True,ecaedb151fea63945ad92186e395ef5718083171,project.godot,amedlock/minotaur,version_events,update to godot 4.3,True,False,True,5,4.3,2024-08-15,0.1
2024-08-17,86979fbf4cd24144feb191d47f93c7284e2509f3,2024-08-17,content-at-commit,godot,b57512aa4f06,minor_upgrade,5,4.0,2,1,True,94e487be6b70fb95a63b7ad8fa2491451930dd3c,project.godot,amedlock/minotaur,version_events,minor stuff,False,False,False,5,4.2,2023-11-30,0.1
2025-08-02,31fe502ac169e3325ee7bf4be4fc44973eb05be6,2025-08-02,content-at-commit,godot,b57512aa4f06,minor_upgrade,5,4.3,2,1,True,0bb9d0b17371b54da31a5a69e6450e51c50e90e1,project.godot,amedlock/minotaur,version_events,refactor checkpoint,False,False,False,5,4.4,2025-03-03,0.1
2025-09-20,c35cc755e019d78241aa546f6abefde85034893d,2025-09-20,content-at-commit,godot,b57512aa4f06,minor_upgrade,5,4.4,1,0,True,31fe502ac169e3325ee7bf4be4fc44973eb05be6,project.godot,amedlock/minotaur,version_events,v4.5,False,False,True,5,4.5,2025-09-15,0.1
2026-06-21,75fb82603d272ede66caae7bb8dc18e36872a3ce,2026-06-21,content-at-commit,godot,b57512aa4f06,minor_upgrade,5,4.5,2,1,False,3621c37f5bf0df08590307b2277a31f35eb70ef1,project.godot,amedlock/minotaur,version_events,move to godot 4.7,True,False,True,5,4.7,2026-06-18,0.1
2022-09-02,a20d9da67e11f07436484118e0cd30a508370958,2022-09-02,content-at-commit,godot,b57512aa4f06,initial,,,,,True,,default_themes/bootstrap/project.godot,retrohub-org/retrohub,version_events,Initial commit,False,False,False,4,,,0.1
2022-09-02,a20d9da67e11f07436484118e0cd30a508370958,2022-09-02,content-at-commit,godot,b57512aa4f06,initial,,,,,True,,default_themes/test/project.godot,retrohub-org/retrohub,version_events,Initial commit,False,False,False,4,,,0.1
2022-09-02,a20d9da67e11f07436484118e0cd30a508370958,2022-09-02,content-at-commit,godot,b57512aa4f06,initial,,,,,True,,project.godot,retrohub-org/retrohub,version_events,Initial commit,False,False,False,4,,,0.1
2023-07-22,5339f568b3005ea9c67d15b9dbd7d0c99f709e5e,2023-07-22,content-at-commit,godot,b57512aa4f06,major_migration,4,,,,True,61d8ca43b43c169d07444181f39c01da00d91d73,project.godot,retrohub-org/retrohub,version_events,Port to Godot 4 (#243),True,True,True,5,4.1,2023-07-06,0.1
2023-09-06,6e6edb8abe6820b51fec88e37d29763be63df0c0,2023-09-06,content-at-commit,godot,b57512aa4f06,minor_upgrade,5,4.1,1,0,True,9c7acf2039c80aba106abd0cefec8dff93468960,project.godot,retrohub-org/retrohub,version_events,Fix usability issues with OSK,False,False,False,5,4.2,2023-11-30,0.1
2020-08-16,8764664f1938f0aad4eb3150f4619d62ba2a7a54,2020-08-16,content-at-commit,godot,b57512aa4f06,initial,,,,,True,,project.godot,Calinou/godot-reflection,version_events,Initial commit,False,False,False,4,,,0.1
2022-06-17,3c1bc3509d4f6ba393b1ec2357f28f48aad952e5,2022-06-17,content-at-commit,godot,b57512aa4f06,major_migration,4,,,,True,f3bd9d6e6b989b74fc8f2619f07c5e71d5c8ceed,project.godot,Calinou/godot-reflection,version_events,"Use SDFGI instead of VoxelGI, and update to latest Godot 4 (#7)",True,False,True,5,4.0,2023-03-01,0.1
2023-04-17,77f8fdab310de20d4e80f714dbdb610116067f2d,2023-04-17,content-at-commit,godot,b57512aa4f06,minor_upgrade,5,4.0,1,0,False,763d923946d306fa452c80ab8b3cdf6f1719bd31,project.godot,Calinou/godot-reflection,version_events,Switch to VoxelGI for experimentation,False,False,False,5,4.1,2023-07-06,0.1
2023-09-01,65d257147bc0563d9fa9ec2c672975c0be2a3c36,2023-09-01,content-at-commit,godot,b57512aa4f06,minor_upgrade,5,4.0,2,1,False,763d923946d306fa452c80ab8b3cdf6f1719bd31,project.godot,Calinou/godot-reflection,version_events,Add FSR2 testing code,False,False,False,5,4.2,2023-11-30,0.1
2023-11-29,456c17e1047a012f20715b9a5530a3c1edaf9b5b,2023-11-29,content-at-commit,godot,b57512aa4f06,minor_upgrade,5,4.0,2,1,True,763d923946d306fa452c80ab8b3cdf6f1719bd31,project.godot,Calinou/godot-reflection,version_events,Update files for Godot 4.2,True,False,True,5,4.2,2023-11-30,0.1
2025-03-17,b4208e1f206839a3964e43a0575913b8abec81b0,2025-03-17,content-at-commit,godot,b57512aa4f06,minor_upgrade,5,4.2,3,2,True,4260672e05ae6d45909096f6e91e1b8580faa16e,project.godot,Calinou/godot-reflection,version_events,Update files for Godot 4.4,True,False,True,5,4.4,2025-03-03,0.1
2025-10-16,72fbef200913b2e0088ee32aafda679ea832d185,2025-10-16,content-at-commit,godot,b57512aa4f06,minor_upgrade,5,4.4,2,1,True,6c81ce2681e4227165a9f6de0334e5715d6e71cf,project.godot,Calinou/godot-reflection,version_events,"Increase scene brightness, fix slanted floor material not having normal map and lower roughness",False,False,False,5,4.6,2026-01-26,0.1
2026-02-20,e951483c80a6be2c4adfcd286cdd17b317ffdeba,2026-02-20,content-at-commit,godot,b57512aa4f06,minor_upgrade,5,4.6,1,0,False,ceea0a765795edef853881c77af0cc834d2ff8c6,project.godot,Calinou/godot-reflection,version_events,Test scene for GH-113304 (ASSAO vs GTAO),False,False,False,5,4.7,2026-06-18,0.1
2018-05-27,4342165633df6b48de8babadd148cbffa44726f6,2018-05-27,content-at-commit,godot,d8c7ec7658ba,initial,,,,,True,,project.godot,hamdle/Godot_3_Signal_Demo,version_events,Initial commit,False,False,False,3,,,0.1
2025-12-31,447f32fa854079f4a80cc1254409fe1c383098ae,2025-12-31,content-at-commit,godot,d8c7ec7658ba,initial,,,,,True,c82d96fa8babda5dc84d9cda48709f0bd34fac57,sample/project.godot,3ddelano/discord.gd,version_events,add sample project,False,False,False,5,4.5,2025-09-15,0.1
2021-10-28,6d112bb46aeb6e2032802f150994e7c552de7cd3,2021-10-28,content-at-commit,godot,d8c7ec7658ba,initial,,,,,True,,project.godot,MenacingMecha/godot-n64-shader-demo,version_events,Initial commit,False,False,False,4,,,0.1
2023-03-15,72fddb58527bb31ea813ecf0a1067e6d6209aaa7,2023-03-15,content-at-commit,godot,d8c7ec7658ba,major_migration,4,,,,True,4dc2ff677dbfa4c5feb8a2303db0b602fbfb7ff5,project.godot,MenacingMecha/godot-n64-shader-demo,version_events,Converted project to Godot 4,True,True,True,5,4.0,2023-03-01,0.1
2022-09-16,29cb50fe6463b71e58f41dfbd2e18b57d427bea1,2022-09-16,content-at-commit,godot,d8c7ec7658ba,initial,,,,,True,3f2ae3343cac4ce41ae217092bd344ad0da11772,project/project.godot,ImmersiveRPG/ExampleRagdoll,version_events,Added basic player that can shoot,False,False,False,4,,,0.1
2023-10-06,bfc0fc4a2f905aa5d3d13b42a4a2aa2b56b50026,2023-10-06,content-at-commit,godot,d8c7ec7658ba,initial,,,,,True,ec9606780bec7c308de30cdef467f2b799bfd6b5,project/project.godot,ImmersiveRPG/ExampleRagdoll,version_events,Added new Godot 4 version,True,False,True,5,4.1,2023-07-06,0.1
2022-09-16,689239fe8a0fe2c9728c0b0fa3ad7e701a6f8c58,2022-09-16,content-at-commit,godot,d8c7ec7658ba,initial,,,,,True,3360a0cf0c3e14aef3d276b96f483c2fece460eb,project.godot,almam72/ALMAMPlayer,version_events,first actual commit poggy,False,False,False,5,4.0,2023-03-01,0.1
2023-07-31,07203b0af8f5ee8277fee1cdc6b450296fa2814b,2023-07-31,content-at-commit,godot,d8c7ec7658ba,minor_upgrade,5,4.0,1,0,True,f5e141f251532238f6716695269e47f0dee00791,project.godot,almam72/ALMAMPlayer,version_events,uhh idk everything,False,False,False,5,4.1,2023-07-06,0.1
2020-03-29,be385ab3d6d0bed2ba4b001155776cf8d6313624,2020-03-29,content-at-commit,godot,d8c7ec7658ba,initial,,,,,True,,project.godot,IceMage144/RL-enemy-agents,version_events,First commit (copy test files from game repo),False,False,False,3,,,0.1
2022-09-30,aa0a2b24554ada231198e9b1189333f72e5051e1,2022-09-30,content-at-commit,godot,d8c7ec7658ba,initial,,,,,True,,project.godot,mbund/fall-22-gamejam,version_events,initial commit,False,False,False,5,4.0,2023-03-01,0.1
2018-01-26,e7a64f3c3f10957b4f9bb25301fb5e7a8b02f899,2018-01-26,content-at-commit,godot,d8c7ec7658ba,initial,,,,,True,cc5e7719173a610634985c1a3ee2d5665d6a5c9a,2017/final/17-Attack demo with Heartbeast/end/project.godot,gdquest-demos/godot-3-demos,version_events,move 2017 tutorials to 2017 folder,False,False,False,3,,,0.1
2018-01-26,e7a64f3c3f10957b4f9bb25301fb5e7a8b02f899,2018-01-26,content-at-commit,godot,d8c7ec7658ba,initial,,,,,True,cc5e7719173a610634985c1a3ee2d5665d6a5c9a,2017/final/17-Attack demo with Heartbeast/start/project.godot,gdquest-demos/godot-3-demos,version_events,move 2017 tutorials to 2017 folder,False,False,False,3,,,0.1
2018-01-26,b078eddb562bb5db5c10ee7dea946e64eac5c166,2018-01-26,content-at-commit,godot,d8c7ec7658ba,initial,,,,,True,6150a45c0badd0e8cf4b0ee4b1434ca655a0735e,2018/01-25-tool-draw-in-viewport/end/project.godot,gdquest-demos/godot-3-demos,version_events,Add tool drawing in viewport + ai patrol demo,False,False,False,3,,,0.1
2018-01-26,b078eddb562bb5db5c10ee7dea946e64eac5c166,2018-01-26,content-at-commit,godot,d8c7ec7658ba,initial,,,,,True,6150a45c0badd0e8cf4b0ee4b1434ca655a0735e,2018/01-25-tool-draw-in-viewport/start/project.godot,gdquest-demos/godot-3-demos,version_events,Add tool drawing in viewport + ai patrol demo,False,False,False,3,,,0.1
2018-03-16,716130f2aac072db2cda1e1e831e9a3539d2bd4c,2018-03-16,content-at-commit,godot,d8c7ec7658ba,initial,,,,,True,b17dc41d7893c643a830df38aa2320ebd01ac341,2018/03-16-camera-2d-rig/end/project.godot,gdquest-demos/godot-3-demos,version_events,add character and camera rig example,False,False,False,3,,,0.1
2018-03-16,716130f2aac072db2cda1e1e831e9a3539d2bd4c,2018-03-16,content-at-commit,godot,d8c7ec7658ba,initial,,,,,True,b17dc41d7893c643a830df38aa2320ebd01ac341,2018/03-16-camera-2d-rig/start/project.godot,gdquest-demos/godot-3-demos,version_events,add character and camera rig example,False,False,False,3,,,0.1
2018-03-28,ddb31d09922a27520bcd9f16656b2d4eed9b1763,2018-03-28,content-at-commit,godot,d8c7ec7658ba,initial,,,,,True,d1788fc682cc365d81fea3b020a4dcdf5ac38e3f,2018/03-28-character-scene-setup/end/project.godot,gdquest-demos/godot-3-demos,version_events,Add character scene example from the Godot 3 course,True,False,True,3,,,0.1
2018-03-28,ddb31d09922a27520bcd9f16656b2d4eed9b1763,2018-03-28,content-at-commit,godot,d8c7ec7658ba,initial,,,,,True,d1788fc682cc365d81fea3b020a4dcdf5ac38e3f,2018/03-28-character-scene-setup/start/project.godot,gdquest-demos/godot-3-demos,version_events,Add character scene example from the Godot 3 course,True,False,True,3,,,0.1
2018-03-30,faf915ae9c384b56739f28ac304817f5c1222f5e,2018-03-30,content-at-commit,godot,d8c7ec7658ba,initial,,,,,True,ea492c26f80cf644df4916176a0b60826e588734,2018/03-30-astar-pathfinding/project.godot,gdquest-demos/godot-3-demos,version_events,add astar-pathfinding demo,False,False,False,3,,,0.1
2018-04-07,6a9baf1b16f24847fd5bdc62d267c4f3d25de180,2018-04-07,content-at-commit,godot,d8c7ec7658ba,initial,,,,,True,96014c2a9c5460df587a1063838555073fd1a940,2018/04-07-simple-sword-attack/end/project.godot,gdquest-demos/godot-3-demos,version_events,Add simple sword attack demo for next week's tutorial,False,False,False,3,,,0.1
2018-04-07,6a9baf1b16f24847fd5bdc62d267c4f3d25de180,2018-04-07,content-at-commit,godot,d8c7ec7658ba,initial,,,,,True,96014c2a9c5460df587a1063838555073fd1a940,2018/04-07-simple-sword-attack/start/project.godot,gdquest-demos/godot-3-demos,version_events,Add simple sword attack demo for next week's tutorial,False,False,False,3,,,0.1
2018-04-24,da22a343effeeef692c639b3a914c40fb8c7e290,2018-04-25,content-at-commit,godot,d8c7ec7658ba,initial,,,,,True,d6be3b021b9ab7f157512bf5e6f342eb9622fb11,2018/04-24-finite-state-machine/project.godot,gdquest-demos/godot-3-demos,version_events,"Add Finite State Machine, HFSM, and pushdown demo",False,False,False,3,,,0.1
2018-05-09,fd13477d511b4db41e870fdd2408b2f70c5ab0b4,2018-05-09,content-at-commit,godot,d8c7ec7658ba,initial,,,,,True,2e138a64681acc98f9dd3da6861f67c1565f05dc,2018/05-09-screen-sizes-example/project.godot,gdquest-demos/godot-3-demos,version_events,Add base example to test display/screen size options in Godot 3,True,False,True,3,,,0.1
2018-05-10,72032edf6810e5fbabcaaf0a14ca9db1d9954fc8,2018-05-10,content-at-commit,godot,d8c7ec7658ba,initial,,,,,True,fd13477d511b4db41e870fdd2408b2f70c5ab0b4,2018/05-10-game-user-interface/end/project.godot,gdquest-demos/godot-3-demos,version_events,Add re-designed GUI demo with programmable bars,False,False,False,3,,,0.1
2018-05-15,05f0b3458a4dda127b957f8b4f8a306095b8a9af,2018-05-15,content-at-commit,godot,d8c7ec7658ba,initial,,,,,True,63edf4fb7edf51baeb254d1ccb3090351b7778c6,2018/05-10-game-user-interface/start/project.godot,gdquest-demos/godot-3-demos,version_events,add start version and rename end version,False,False,False,3,,,0.1
2018-05-23,9f30b987714ed1e6a6af0b4e69858b17cc8dc8f6,2018-05-23,content-at-commit,godot,d8c7ec7658ba,initial,,,,,True,72032edf6810e5fbabcaaf0a14ca9db1d9954fc8,2018/05-23-intro-to-ui-containers/project.godot,gdquest-demos/godot-3-demos,version_events,Add Intro to UI Containers,False,False,False,3,,,0.1
2018-06-08,1ab612a0db0a73656ffc9f58bfbd1f38a71b7645,2018-06-08,content-at-commit,godot,d8c7ec7658ba,initial,,,,,True,a29f48ef678d489ad9a2c4a6f644204b5e26a625,2018/06-07-title-screen/end/project.godot,gdquest-demos/godot-3-demos,version_events,Title screen demo added,False,False,False,3,,,0.1
2018-06-08,1ab612a0db0a73656ffc9f58bfbd1f38a71b7645,2018-06-08,content-at-commit,godot,d8c7ec7658ba,initial,,,,,True,a29f48ef678d489ad9a2c4a6f644204b5e26a625,2018/06-07-title-screen/start/project.godot,gdquest-demos/godot-3-demos,version_events,Title screen demo added,False,False,False,3,,,0.1
2018-06-10,d5c95880391f96ec2064874c472f6eec37b75d4b,2018-06-10,content-at-commit,godot,d8c7ec7658ba,initial,,,,,True,a29f48ef678d489ad9a2c4a6f644204b5e26a625,2018/06-09-grid-based-movement/project.godot,gdquest-demos/godot-3-demos,version_events,Add grid-based movement demo,False,False,False,3,,,0.1
2018-06-20,07bc77cea4bdff5c003ded319531d59881a6be21,2018-06-20,content-at-commit,godot,d8c7ec7658ba,initial,,,,,True,438bea06d669db8f08cdbca278812c310b3bbf4f,2018/06-16-intro-to-shaders-2d-water/end/project.godot,gdquest-demos/godot-3-demos,version_events,Add collab for the shaders demo with Baastian Olij,False,False,False,3,,,0.1
2018-06-20,07bc77cea4bdff5c003ded319531d59881a6be21,2018-06-20,content-at-commit,godot,d8c7ec7658ba,initial,,,,,True,438bea06d669db8f08cdbca278812c310b3bbf4f,2018/06-16-intro-to-shaders-2d-water/start/project.godot,gdquest-demos/godot-3-demos,version_events,Add collab for the shaders demo with Baastian Olij,False,False,False,3,,,0.1
2018-06-29,5fbbc7f74eb14e4e891fbf52a39412b1f336a438,2018-06-29,content-at-commit,godot,d8c7ec7658ba,initial,,,,,True,504ce64f6a2eeabcf935780f0f0657297e258f01,2018/06-28-UI-lifebar-counter-code/end/project.godot,gdquest-demos/godot-3-demos,version_events,Add UI programming demo,False,False,False,3,,,0.1
2018-06-29,5fbbc7f74eb14e4e891fbf52a39412b1f336a438,2018-06-29,content-at-commit,godot,d8c7ec7658ba,initial,,,,,True,504ce64f6a2eeabcf935780f0f0657297e258f01,2018/06-28-UI-lifebar-counter-code/start/project.godot,gdquest-demos/godot-3-demos,version_events,Add UI programming demo,False,False,False,3,,,0.1
2018-07-30,af4d40600ca068cceed860e9ce76fac056d10905,2018-07-30,content-at-commit,godot,d8c7ec7658ba,initial,,,,,True,8579ccbadb694bbdb57bba0b7cc5ed52730a8188,2018/07-30-2018-multiplayer-high-level-api/project.godot,gdquest-demos/godot-3-demos,version_events,Multiplayer demo added,False,False,False,3,,,0.1
2019-05-25,8a70b6cf287e68e96f75e709be5d1fd464425709,2019-05-25,content-at-commit,godot,d8c7ec7658ba,initial,,,,,True,57da3a2e040b721e4ef8e98cbdca90e1f369c568,2017/final/06-Grid-based movement/project.godot,gdquest-demos/godot-3-demos,version_events,Updated to work with Godot 3.1.,True,False,True,4,,,0.1
2022-12-09,96215f3a66cef33c5c511595661ac0c8a9f93678,2022-12-09,content-at-commit,godot,d8c7ec7658ba,initial,,,,,True,b2edb63237ce0b51049c75da2957904d2b8bd99e,example/hello-wasm/project.godot,Dheatly23/godot-wasm,version_events,Adds example,False,False,False,4,,,0.1
2022-12-10,6c5b3a9a50f8b6b21900e4638090da4c96d8d493,2022-12-10,content-at-commit,godot,d8c7ec7658ba,initial,,,,,True,c3166e0fc7b1adba0650231c49c2ca00f301d489,example/connect-4/project.godot,Dheatly23/godot-wasm,version_events,Adds connect 4 example,False,False,False,4,,,0.1
2022-12-10,c3166e0fc7b1adba0650231c49c2ca00f301d489,2022-12-10,content-at-commit,godot,d8c7ec7658ba,initial,,,,,True,58f37d8714317d692ecc246cb851281dc1d3bb7b,example/epoch-interruption/project.godot,Dheatly23/godot-wasm,version_events,Adds epoch example,False,False,False,4,,,0.1
2022-12-19,8d946f85edf4d7970c329cb53ee1129e7013ed45,2022-12-19,content-at-commit,godot,d8c7ec7658ba,initial,,,,,True,aa8c305ef629b86fc209095543c391acb70d8355,example/instance-thread-pool/project.godot,Dheatly23/godot-wasm,version_events,Adds instance thread pool example,False,False,False,4,,,0.1
2022-12-30,33b3bfb9afdda6808ddc6f9f8583142e8ba4127a,2022-12-30,content-at-commit,godot,d8c7ec7658ba,initial,,,,,True,fd3eee94562a8c3e8795fc691e262dcdcc51065c,example/project.godot,Dheatly23/godot-wasm,version_events,Refactors example,False,False,False,4,,,0.1
2023-03-07,abc83e732ae134d5a44527045294ea591133e304,2023-04-14,content-at-commit,godot,d8c7ec7658ba,major_migration,4,,,,True,38c2b44ff5ff6ce7d4a342a055d954b31c0eea4e,example/project.godot,Dheatly23/godot-wasm,version_events,Move to GDExtension,False,False,False,5,4.0,2023-03-01,0.1
2023-08-29,71e0081e1ee588ba1e8b5bde71240aaa54b19d98,2023-08-29,content-at-commit,godot,d8c7ec7658ba,minor_upgrade,5,4.0,1,0,True,799e2a36cd4ca2c8a9a01cbabf5c417a7a77badc,example/project.godot,Dheatly23/godot-wasm,version_events,Fix Many Errors,False,False,False,5,4.1,2023-07-06,0.1
2023-12-05,e04edf1b472bed5ccc6b53a33acf5817d004c097,2023-12-05,content-at-commit,godot,d8c7ec7658ba,minor_upgrade,5,4.1,1,0,True,d32ad2a38b75e2cee080043c0a27def7fe96eb69,example/project.godot,Dheatly23/godot-wasm,version_events,Update to Godot 4.2,True,False,True,5,4.2,2023-11-30,0.1
2024-10-31,a7168805e8bc8d172521a05ba4fbed743805d7e7,2024-10-31,content-at-commit,godot,d8c7ec7658ba,minor_upgrade,5,4.2,1,0,True,357b6a39aae931675e37a60433a6d52b0f6216cb,example/project.godot,Dheatly23/godot-wasm,version_events,Upgrades Godot Version to 4.3,True,True,True,5,4.3,2024-08-15,0.1
2025-03-06,9a4ec154b9a32edf19eb87f1dc650f6ece8a2772,2025-03-06,content-at-commit,godot,d8c7ec7658ba,minor_upgrade,5,4.3,2,1,True,b2e33e8608de5aa1f98b399a7cbc8036b1cfdcdc,example/project.godot,Dheatly23/godot-wasm,version_events,Updates Godot Version to 4.4,True,True,True,5,4.4,2025-03-03,0.1
2025-10-13,597811f8cef18e9a6d91c7b1392157ead993e0be,2025-10-13,content-at-commit,godot,d8c7ec7658ba,minor_upgrade,5,4.4,1,0,True,b43264f0e75e90efcee7d5f5d61bbf0cbee21520,example/project.godot,Dheatly23/godot-wasm,version_events,Updates Example Program to 4.5,False,False,True,5,4.5,2025-09-15,0.1
2026-01-27,af63af2bcfd3a75999e76789314caa4776a9e8c8,2026-01-27,content-at-commit,godot,d8c7ec7658ba,minor_upgrade,5,4.5,1,0,True,c5884acc5c9c5105498458fd84996df95c72a6cb,example/project.godot,Dheatly23/godot-wasm,version_events,Migrate Example Project to Godot 4.6,True,True,True,5,4.6,2026-01-26,0.1
2026-07-27,f4fc5bf433c0d4e140fa36d7e7f1e9c2ad7a3045,2026-07-27,content-at-commit,godot,d8c7ec7658ba,minor_upgrade,5,4.6,1,0,True,8c67d6f671d954baa2ef518a730847617195d6b8,example/project.godot,Dheatly23/godot-wasm,version_events,Upgrades Example Project to Godot 4.7,True,True,True,5,4.7,2026-06-18,0.1
2023-08-03,f1c65c165a85e4c4b47eb9c9634fc74a7c53d150,2023-08-03,content-at-commit,godot,d8c7ec7658ba,initial,,,,,True,f1c74c0e79622490da5d312bf0187b4d7e7366ff,GodotDemo/GodotProjects/project.godot,ZeromaXHe/MyGitRepository,version_events,feature(GodotDemo): 将 GodotProjects 项目提交至 Git,True,False,False,5,4.1,2023-07-06,0.1
2023-08-18,bca5d9f12ef6e7f63cefed24cb135114cdbec598,2023-08-18,content-at-commit,godot,d8c7ec7658ba,initial,,,,,True,1e9f43260cfcc7069357e32c0163e179a412fa7a,GodotDemo/Winline/project.godot,ZeromaXHe/MyGitRepository,version_events,feature(GodotDemo): Winline 移动消除小游戏,True,False,False,5,4.1,2023-07-06,0.1
2023-08-30,56be72198400e6bea71b1a06d05c76bbb8efd741,2023-08-30,content-at-commit,godot,d8c7ec7658ba,initial,,,,,True,ac23e388f863d5f05056e3532c76a701d03cfec6,GodotDemo/Civ6Copy/project.godot,ZeromaXHe/MyGitRepository,version_events,feature(GodotDemo): Civ6Copy 仿文明战棋游戏 - 基本地图六边形 TileMap、镜头移动逻辑,True,False,False,5,4.1,2023-07-06,0.1
2023-12-01,15ac415436e3144a08c497510b1e668f8097380d,2023-12-01,content-at-commit,godot,d8c7ec7658ba,minor_upgrade,5,4.1,1,0,True,c4f25c3939fe0058e6243da87f84dc5fae702ac6,GodotDemo/Civ6Copy/project.godot,ZeromaXHe/MyGitRepository,version_events,fix(GodotDemo): Civ6Copy 仿文明战棋游戏 - 更新至 Godot 4.2（资源图标场景 TileMap 已修复）,True,False,True,5,4.2,2023-11-30,0.1
2024-02-04,4ac2d71e97b7497938eac797b5c4b558e53915f6,2024-02-04,content-at-commit,godot,d8c7ec7658ba,initial,,,,,True,79ccddd9f1e537e2966798bf61480257d4204fc9,GodotDemo/TestInGDScript/project.godot,ZeromaXHe/MyGitRepository,version_events,feature(GodotDemo): TestInGDScript 测试项目 - 后台加载,True,False,False,5,4.2,2023-11-30,0.1
2025-01-03,576e513c8b911e5e59cc672bc2a7530f8b251107,2025-01-03,content-at-commit,godot,d8c7ec7658ba,initial,,,,,True,258e46247e982c76083c0cc641cbcbf41d44f826,GodotDemo/StayAtHomeDevFPS/project.godot,ZeromaXHe/MyGitRepository,version_events,feature(StayAtHomeDevFPS): 参考 StayAtHomeDev Godot 4 FPS 教程 - 初始化项目,True,False,True,5,4.3,2024-08-15,0.1
2025-01-06,13f27d09966e538012cfea87908bff586d4026eb,2025-01-06,content-at-commit,godot,d8c7ec7658ba,initial,,,,,True,d688685fd54618d275dc0730de52e12891b7a9a1,GodotDemo/FpsDemo/project.godot,ZeromaXHe/MyGitRepository,version_events,refactor(MajikayoGamesFPS): 将整个 FPS 项目重命名为 FpsDemo,False,False,False,5,4.3,2024-08-15,0.1
2025-01-13,3cf9b9154f7a7fc4b83ef3112cd4688ca4be6bad,2025-01-13,content-at-commit,godot,d8c7ec7658ba,initial,,,,,True,ac0fc460c39699f82935bbfa3db2597946cdec97,GodotDemo/ProceduralPlanet/project.godot,ZeromaXHe/MyGitRepository,version_events,feature(ProceduralPlanet): 参考 athillion/ProceduralPlanetGodot 开源项目改写 4.3 C# 代码 对应视频：在 Godot 4 中制作SebastianLague的程序星球(多通道后处理和计算着色器) 教程 B站：BV1Y84y1C7zJ 油管：dzcFB_9xHtg 目前水面着色器仍有 bug，预计是因为 4.3 z buffer 反转的原因,True,False,True,5,4.3,2024-08-15,0.1
2025-01-17,f884613f047024366c996f6e262c6e3b3e168e79,2025-01-17,content-at-commit,godot,d8c7ec7658ba,initial,,,,,True,d0ea4972aa27909b1e0bb0b172d16d8dc6a01a3d,GodotDemo/CatlikeCoding/project.godot,ZeromaXHe/MyGitRepository,version_events,feature(CatlikeCoding): 参考 Basics - 1 Game Objects and Scripts,False,False,False,5,4.3,2024-08-15,0.1
2025-05-06,35508884eeab4d87a76ec5031cba64fd9d54ed14,2025-05-06,content-at-commit,godot,d8c7ec7658ba,initial,,,,,True,df1d85198024e67c870f54be1ce7ce2ebe2b3bc2,GodotDemo/TestObserver/project.godot,ZeromaXHe/MyGitRepository,version_events,feature(TestObserver): 测试观察 Godot C# 编辑器中生命周期的项目,True,False,False,5,4.4,2025-03-03,0.1
2025-07-22,90896517f0e51b650ade41ca2916fa05441d4fb0,2025-07-22,content-at-commit,godot,d8c7ec7658ba,initial,,,,,True,35508884eeab4d87a76ec5031cba64fd9d54ed14,GodotDemo/SlayTheSpireClone/project.godot,ZeromaXHe/MyGitRepository,version_events,feature(SlayTheSpireClone): 参考《杀戮尖塔克隆教程》 - 01 架构与准备、02 卡片拖动 & 状态机（BV1DT4m1S7kQ）,False,False,False,5,4.4,2025-03-03,0.1
2025-07-29,3ea295e27ceae070b8fa4a89ba7988607e42bb43,2025-07-29,content-at-commit,godot,d8c7ec7658ba,initial,,,,,True,bf1135f224947f3ce8c331f6d898d55015774a5a,GodotDemo/GodotAutobattlerCourse/project.godot,ZeromaXHe/MyGitRepository,version_events,feature(GodotAutobattlerCourse): 参考《自动战斗自走棋游戏教程 第一季》 - 1 瓦片图层与粒子效果（BV1R3pEeoEBo）,True,False,False,5,4.4,2025-03-03,0.1
2025-08-16,cd37ad11dc990c16497b65c4f88fa0b5556e0fed,2025-08-16,content-at-commit,godot,d8c7ec7658ba,initial,,,,,True,fd39a595c35f63ac85ecdc9d87f075b0c9d0e2a4,GodotDemo/BoidTutorial/project.godot,ZeromaXHe/MyGitRepository,version_events,feature(BoidTutorial): 参考《使用Godot中的计算着色器模拟 10 万个 Boid》 - 第一部分 分别使用 CPU GDScript 实现和 GPU 计算着色器 glsl 实现（BV1Bih7z6EEs / v=v-xNj4ud0aM）,True,False,False,5,4.4,2025-03-03,0.1
2025-08-16,ed92df96176508025037a6149b2345fce5b54282,2025-08-17,content-at-commit,godot,d8c7ec7658ba,initial,,,,,True,e24971c8aa4590617bc940952fa656af51d89f90,GodotDemo/RenderingServerYm/project.godot,ZeromaXHe/MyGitRepository,version_events,feature(RenderingServerYM): 参考 烟汐忆梦_YM《深入浅出Godot渲染服务器》 - 核心渲染流程（BV1aggWzFEMp）、基础纹理渲染（BV1pM8AzzE2J）、2D离屏视口渲染（BV1oMb1z1EiJ）,True,False,False,5,4.4,2025-03-03,0.1
2018-08-13,89808a08837ce5b80bcab63b7635d6a612ea3eff,2018-08-13,content-at-commit,godot,d8c7ec7658ba,initial,,,,,True,,project.godot,coppolaemilio/Godot-FPS-movement,version_events,basic project,False,False,False,3,,,0.1
2022-09-07,efbd6b61a460e429c21ed45fe6def9d22f188d82,2022-09-07,content-at-commit,godot,d8c7ec7658ba,initial,,,,,True,,project.godot,MechanicalFlower/godot-template,version_events,first commit,False,False,False,4,,,0.1
2023-04-10,e61518f567af5a2bde417c647fa9c8a455d197c0,2023-04-10,content-at-commit,godot,d8c7ec7658ba,major_migration,4,,,,True,d01c7b7bae260c967cad36418a1f5ec3a1df6886,project.godot,MechanicalFlower/godot-template,version_events,Upgrate the template to godot 4.0,True,False,True,5,4.0,2023-03-01,0.1
2023-09-07,f92755d48c66931b42b6161eea74b540dadc1c2b,2023-09-07,content-at-commit,godot,d8c7ec7658ba,minor_upgrade,5,4.0,1,0,True,e61518f567af5a2bde417c647fa9c8a455d197c0,project.godot,MechanicalFlower/godot-template,version_events,Update the template,False,False,False,5,4.1,2023-07-06,0.1
2024-02-04,221b59c54fd468f234edaa92919a9ef9742e739a,2024-02-04,content-at-commit,godot,d8c7ec7658ba,minor_upgrade,5,4.1,1,0,True,b504ecca494b01780cad06f816d9af5732beac68,project.godot,MechanicalFlower/godot-template,version_events,chore: rework Justfile to add more clarity (#22),False,False,False,5,4.2,2023-11-30,0.1
2024-08-18,2f231d6d41a5e5bb975728a878b22b8f31a73300,2024-08-18,content-at-commit,godot,d8c7ec7658ba,minor_upgrade,5,4.2,1,0,True,63c6c970213f9e15ab18b12b3559789ba6da0569,project.godot,MechanicalFlower/godot-template,version_events,chore(deps): update dependency godotengine/godot to v4.3-stable (#54),True,False,True,5,4.3,2024-08-15,0.1
2020-02-12,9073b02ee186731acfd7bcab4ac9f6ffe0a2648b,2022-09-04,content-at-commit,godot,d8c7ec7658ba,initial,,,,,True,,test/demo/project.godot,godot-go/godot-go,version_events,Initial commit,False,False,False,5,4.0,2023-03-01,0.1
2020-06-05,534cd6d762ab9e9a790ecf47103a5102526f6a90,2020-09-02,content-at-commit,godot,d8c7ec7658ba,initial,,,,,False,e8c7c6aa442137a11ff3c08f26d10f551ce4df19,tests/core/project/project.godot,godot-go/godot-go,version_events,GH-1 basic app (#2),False,False,False,4,,,0.1
2020-08-17,65e2331385d2d4d1d7d8021bbc2525ef08423604,2020-09-02,content-at-commit,godot,d8c7ec7658ba,initial,,,,,False,85cf60b552c4d91ee1f9e3abcf31c07d939568ad,test/project/project.godot,godot-go/godot-go,version_events,feat(class): [GH-20] register property (#27),False,False,False,4,,,0.1
2020-11-02,5a99186d45dffbd9e0b00e92d0841b3e60ba7032,2020-11-02,content-at-commit,godot,d8c7ec7658ba,initial,,,,,False,aa7b46ed84b60fc4351be639ac1365767370fc58,test/project.godot,godot-go/godot-go,version_events,"GH-8,GH-9: hide godot string and gut test (#29)",True,False,False,4,,,0.1
2023-10-01,775be4d9af2e20fdbbc9d7ba5acc32137129cce3,2023-10-01,content-at-commit,godot,d8c7ec7658ba,minor_upgrade,5,4.0,2,1,True,0a07cacfe3c530463819ce21689a4e4a4b8b763f,test/demo/project.godot,godot-go/godot-go,version_events,fix: virtual function calls (#77),False,False,False,5,4.2,2023-11-30,0.1
2025-09-20,737c39205a5293f1593e0f294769a132473517f2,2025-09-20,content-at-commit,godot,d8c7ec7658ba,minor_upgrade,5,4.2,3,2,True,506c09328dcda08ecabc9e376eccd939cf38486e,test/demo/project.godot,godot-go/godot-go,version_events,feat: update for godot 4.5 (#125),True,False,True,5,4.4,2025-03-03,0.1
2026-08-02,89d077251572c2d2b16d997b69c775e3d90b1c1a,2026-08-02,content-at-commit,godot,d8c7ec7658ba,minor_upgrade,5,4.4,3,2,True,aeaea0e44527af7a4d597fdd48c00945c7292ca5,test/demo/project.godot,godot-go/godot-go,version_events,fix: make test orphan stringnames (#135),False,False,False,5,4.7,2026-06-18,0.1
2023-03-01,fadaaa8c2ddffd94aeaa469607787848502a9247,2023-03-01,content-at-commit,godot,d8c7ec7658ba,initial,,,,,True,,project.godot,brettchalupa/godot_skeleton,version_events,chore: init,False,False,False,5,4.0,2023-03-01,0.1
2019-10-05,606a94fa6f6b57475ff8c97adca0a3fe282f7c1b,2019-10-05,content-at-commit,godot,d8c7ec7658ba,initial,,,,,True,13e2c60057ff06c2aec890fb2c9f9c646d908e08,godot/project.godot,Dimev/Realistic-Atmosphere-Godot-and-UE4,version_events,Add files via upload,False,False,False,4,,,0.1
2019-10-05,68f9990b1cf693e2c53e519069973a44a8a2da11,2019-10-05,content-at-commit,godot,d8c7ec7658ba,initial,,,,,True,1abad8ec12e054625806434cbe0b295ca39a354c,godot/project/project.godot,Dimev/Realistic-Atmosphere-Godot-and-UE4,version_events,Add files via upload,False,False,False,4,,,0.1
2020-03-01,074510d00a4d8c789de190fb052e225cb92b7e41,2020-03-01,content-at-commit,godot,d8c7ec7658ba,initial,,,,,True,6c7fc33b17f0bfa9b18292d3b3b20fc564ff0e21,godot/Atmosphere Showcase/project.godot,Dimev/Realistic-Atmosphere-Godot-and-UE4,version_events,Updated godot version,True,True,False,4,,,0.1
2022-07-12,e04f83ba871a799011a4c5b038fea77fecb405fa,2022-07-12,content-at-commit,godot,d8c7ec7658ba,major_migration,4,,,,True,47336b381c90af9d1687113128580cdd3b3bf830,godot/Atmosphere Showcase/project.godot,Dimev/Realistic-Atmosphere-Godot-and-UE4,version_events,add .gitignore and run project updater,False,False,False,5,4.0,2023-03-01,0.1
2024-08-18,3069d45b6671cb4029357f26ee102d9afad84e32,2024-08-18,content-at-commit,godot,d8c7ec7658ba,minor_upgrade,5,4.0,3,2,True,9e78e8886ee3c8045987ce83410d08f760e26489,godot/Atmosphere Showcase/project.godot,Dimev/Realistic-Atmosphere-Godot-and-UE4,version_events,now using alpha blending,False,False,False,5,4.3,2024-08-15,0.1
2025-05-17,bf64786470cc300d714e73d88cd08f50a3757110,2025-05-17,content-at-commit,godot,d8c7ec7658ba,minor_upgrade,5,4.3,2,1,True,d5e0058d4fc71efc36a52d0d33d761acddc7b76e,godot/Atmosphere Showcase/project.godot,Dimev/Realistic-Atmosphere-Godot-and-UE4,version_events,godot 4.4,True,False,True,5,4.4,2025-03-03,0.1
2020-10-10,eb3549fc995675888df547db977677f2f8ebae5a,2020-10-10,content-at-commit,godot,d8c7ec7658ba,initial,,,,,True,7f8f1538b79b2bad9dd9efaf4d5c154528b02d2f,project.godot,V-Sekai/godot-spatial-audio-project,version_events,Upload spatial audio project.,False,False,False,4,,,0.1
2021-12-04,e295741af7515e94a86462b00db3942c2eec3b39,2021-12-04,content-at-commit,godot,d8c7ec7658ba,major_migration,4,,,,True,704773a667649a9704259714c30a6f93125e79a6,project.godot,V-Sekai/godot-spatial-audio-project,version_events,Update scene to latest godot.,True,False,False,5,4.0,2023-03-01,0.1
2022-04-30,7ba8b8a9766faab0958edb0d8df4eae7adbbb536,2022-04-30,content-at-commit,godot,0f20e25e728c,initial,,,,,True,,project.godot,Calinou/godot-bbcode-to-ansi,version_events,Initial commit,False,False,False,5,4.0,2023-03-01,0.1
2026-02-23,fdaf1ed7647bcffe85b1daa254580d6c1e8fd8ac,2026-02-23,content-at-commit,godot,0f20e25e728c,initial,,,,,True,d0a81ec88505285b305a94b38f80a3732befb95a,plugins/godot/project.godot,elringus/sprite-dicing,version_events,feat(godot): add godot plugin (#50),True,False,False,5,4.6,2026-01-26,0.1
2022-12-16,2bbe96005a398356a105dd543785a84cee8a6057,2022-12-16,content-at-commit,godot,0f20e25e728c,initial,,,,,True,,project.godot,zodiepupper/barkvr,version_events,init,False,False,False,5,4.0,2023-03-01,0.1
2023-07-01,817200edab5211661c47b42e1ec111cb3777d0a6,2023-07-01,content-at-commit,godot,0f20e25e728c,minor_upgrade,5,4.0,1,0,True,0a312d50a6fcaeb75bbd801b4ffc14661b5037e0,project.godot,zodiepupper/barkvr,version_events,upd,False,False,False,5,4.1,2023-07-06,0.1
2023-07-02,475dbc54334536a5b7c8d568ce1de29d9b5cd63d,2023-07-02,content-at-commit,godot,0f20e25e728c,minor_downgrade,5,4.1,-1,0,True,817200edab5211661c47b42e1ec111cb3777d0a6,project.godot,zodiepupper/barkvr,version_events,upd,False,False,False,5,4.0,2023-03-01,0.1
2023-07-08,9c53266e40520204f9246b446ce991b6e34490f9,2023-07-08,content-at-commit,godot,0f20e25e728c,minor_upgrade,5,4.0,1,0,True,475dbc54334536a5b7c8d568ce1de29d9b5cd63d,project.godot,zodiepupper/barkvr,version_events,upd,False,False,False,5,4.1,2023-07-06,0.1
2023-10-11,b671c6e469448376fa834a025a53e105784d19d6,2023-10-11,content-at-commit,godot,0f20e25e728c,minor_upgrade,5,4.1,1,0,True,48c7c2abd4ae59b2d2814d77f5ca8ca65c9c8abd,project.godot,zodiepupper/barkvr,version_events,upd,False,False,False,5,4.2,2023-11-30,0.1
2023-10-13,84348e97a6b5550fdd672227aa92dda614987f6f,2023-10-13,content-at-commit,godot,0f20e25e728c,minor_downgrade,5,4.2,-1,0,True,102326c526655bddb2ea9b044e8fc975950303b3,project.godot,zodiepupper/barkvr,version_events,"reverted from 4.2 beta 1, enabled anti-aliasing, some other minor stuffs",False,False,True,5,4.1,2023-07-06,0.1
2023-11-27,bff7a4648d23ae6d437e906f339fa4a0fc219cc7,2023-11-27,content-at-commit,godot,0f20e25e728c,minor_upgrade,5,4.1,1,0,True,5b4198a0c3686f9d1a1f5142d2b3ee3aba7b765b,project.godot,zodiepupper/barkvr,version_events,updated to 4.2 rc2 further optimized tree inspector added desktop bind 'r' summons inspector,False,False,True,5,4.2,2023-11-30,0.1
2024-08-10,e9595d528492dd2364b6e66a101a781336870887,2024-08-10,content-at-commit,godot,0f20e25e728c,minor_upgrade,5,4.2,1,0,True,004e4a45f6678ee769f9ee05f2ac5b0324f98d2d,project.godot,zodiepupper/barkvr,version_events,"MOVED TO 4.3 RC3, various small changes to ui and small bug fixes. started preparation of voip. many in-progress changes put on hold because of issues with gdextensions. this build may not work but i will fix it soon.",False,False,True,5,4.3,2024-08-15,0.1
2025-02-17,956aae1e23a8e47ffbb8cbd7b4b645cd2885f366,2025-02-17,content-at-commit,godot,0f20e25e728c,minor_upgrade,5,4.3,2,1,True,77dd4f656c2f1ee175c7d2c5d8f0b3a8a36e1ae3,project.godot,zodiepupper/barkvr,version_events,"upgraded to 4.4 beta 3, started work on ik constraint for the knees",False,True,True,5,4.4,2025-03-03,0.1
2025-05-04,93f8f439f1e1f9ba3991a3201a828fd9c87cfa3e,2025-05-04,content-at-commit,godot,0f20e25e728c,minor_upgrade,5,4.4,1,0,True,87bca5df6e2ddb14913072821d716bb87808d514,project.godot,zodiepupper/barkvr,version_events,"added delete held items button, further work on fbx import alongside PR to godot, merged fly and noclip button, some other small bullshit",True,False,False,5,4.5,2025-09-15,0.1
2025-05-09,11b788d9644f4551e5b492ed80942f7487d725f6,2025-05-09,content-at-commit,godot,0f20e25e728c,minor_downgrade,5,4.5,-1,0,True,f4ae7b8cb05ea696473fb51652a0f4b15c5983be,project.godot,zodiepupper/barkvr,version_events,reset default theme scale,False,False,False,5,4.4,2025-03-03,0.1
2025-06-03,2f43a5ea611c9fb0e7707007e0f38c520070e993,2025-06-03,content-at-commit,godot,0f20e25e728c,minor_upgrade,5,4.4,1,0,True,b9f9eae2dad37993ac295979585f85e84dfd2bdf,project.godot,zodiepupper/barkvr,version_events,"update to godot4.5 dev build, update ui focus so the player isn't stuck after typing",True,False,True,5,4.5,2025-09-15,0.1
2025-06-17,56918fe524693d29a9627b0f538185f31fcedd92,2025-06-17,content-at-commit,godot,0f20e25e728c,minor_downgrade,5,4.5,-1,0,True,e9208b81d746b998703129fcbc9a2581df2fae10,project.godot,zodiepupper/barkvr,version_events,"fixed player movement while in vr using vr controller, changed local ui to have a close button to make more sense with how it is summoned via context menu, fixed issue where the local ui lookat helper wasn't using the settings",False,False,False,5,4.4,2025-03-03,0.1
2025-10-02,ebed7be59b7da03e4198b888e35b4bf065ea1e74,2025-10-02,content-at-commit,godot,0f20e25e728c,minor_upgrade,5,4.4,1,0,True,0114443210829c379e92428a3cf63554730f133e,project.godot,zodiepupper/barkvr,version_events,"updated to 4.5, pushed from my steamdeck",False,False,True,5,4.5,2025-09-15,0.1
2026-01-28,469b9fff94e0ac406d771373e1865f0d44a6f250,2026-01-28,content-at-commit,godot,0f20e25e728c,minor_upgrade,5,4.5,1,0,True,8b549742268ca7c0446c0c97a1fb07973683b7e2,project.godot,zodiepupper/barkvr,version_events,upgrade to 4.6!,False,True,True,5,4.6,2026-01-26,0.1
2026-08-04,fde8dcc0c321229379d2d5e8075f6ec8339abc46,2026-08-04,content-at-commit,godot,0f20e25e728c,minor_upgrade,5,4.6,1,0,True,a5a3b93f722e8c203d532c409686ebd1b9d3a594,project.godot,zodiepupper/barkvr,version_events,"lots of minor changes/fixes/improvements, half progress on moving grab functionality to interactionRay, made interactionray smoothing use delta time so it looks better, lots of small idea testing, continueing code doc overhaul, reverted a very old regression in player respawing, mostly empty starter",False,False,False,5,4.7,2026-06-18,0.1
2022-10-22,160ac807afa5dc252b2feffa946c620a4a765c89,2022-10-22,content-at-commit,godot,0f20e25e728c,initial,,,,,True,,project.godot,oganm/DCSS_character,version_events,initial commit,False,False,False,5,4.0,2023-03-01,0.1
2021-11-21,b3a54bcc966463d38df33443800462e0306dea18,2021-11-21,content-at-commit,godot,0f20e25e728c,initial,,,,,True,,ExampleProject/project.godot,KoBeWi/Godot-Palette-Swap-Shader,version_events,Initial commit,False,False,False,4,,,0.1
2022-09-03,5cf4caade464313492a371f7a00abd283ca1eaf0,2022-09-03,content-at-commit,godot,0f20e25e728c,major_migration,4,,,,True,3ccc59a5658371a8ad2bc9fba57c148c036f5448,ExampleProject/project.godot,KoBeWi/Godot-Palette-Swap-Shader,version_events,Upgrade to Godot 4.0,True,True,True,5,4.0,2023-03-01,0.1
2025-03-09,afdff7807f625aef55555ec5f583d1dca8dcdf6e,2025-03-09,content-at-commit,godot,0f20e25e728c,initial,,,,,True,457aef19776fad8c84fea210c562ade8de54d6d5,project.godot,KoBeWi/Godot-Palette-Swap-Shader,version_events,Reworked into addon (README is outdated),False,False,False,5,4.4,2025-03-03,0.1
2020-05-17,2938706d1839209b07fb325a3e2a6143d82f7a7a,2020-05-17,content-at-commit,godot,0f20e25e728c,initial,,,,,True,5b9c4b60490548728505d5e568888ef5cb95ead3,project.godot,FreeFlyFall/RigidBodyController,version_events,Initial movement - needs polishing. I see why everyone uses a kinematic now. Let's keep going for the moment.,False,False,False,4,,,0.1
2023-09-17,f2cbc481e93420a56beab11f1db8f8c77999a3b8,2023-09-17,content-at-commit,godot,0f20e25e728c,major_migration,4,,,,True,69d3c32b269611f59917ff7d0a2a89de4c4f8cae,project.godot,FreeFlyFall/RigidBodyController,version_events,Initial automatic conversion,False,False,False,5,4.1,2023-07-06,0.1
2024-11-01,e460bd3aa061f711c7234114afcb74fbc64b3010,2024-11-03,content-at-commit,godot,0f20e25e728c,minor_upgrade,5,4.1,2,1,True,9fdc3446a5ca2a7c095b34db6b7aa2b3b54fd976,project.godot,FreeFlyFall/RigidBodyController,version_events,"Update to Godot 4.3, update methods, change groundedness detection, comment potentially unneeded code.",True,False,True,5,4.3,2024-08-15,0.1
2018-05-07,f9b748c3973ab22c378c4617b7062afc80da769c,2018-05-07,content-at-commit,godot,0f20e25e728c,initial,,,,,True,3828ca00e11df9fa1d800ace49c9d7539424abe3,project.godot,sndein/Space-Shooter-Example,version_events,initialized repository,False,False,False,3,,,0.1
2017-09-08,010c7091570f3c1ae63e7c34d202939192d7c9ad,2017-09-08,content-at-commit,godot,0f20e25e728c,initial,,,,,True,4660e2dce01fb12ab0a02d9a3969c2b2aee56e5e,project.godot,Bauxitedev/volumetric-fog-demo,version_events,First commit,False,False,False,3,,,0.1
2022-09-13,db10671e7e57ccebd04614a105fb3bf34a01bd7c,2022-09-13,content-at-commit,godot,0f20e25e728c,initial,,,,,True,aa16fbb8a5d5fbcd876b8e00f6b8e4633f3a3dae,project.godot,ydipeepo/godot-motion,version_events,Added project files,False,False,False,4,,,0.1
2024-11-03,1b8b8eeecf9b10ca6709d272618846e423012d4c,2024-11-03,content-at-commit,godot,0f20e25e728c,major_migration,4,,,,True,c115e146499586886a074472f4dc098540b12e06,project.godot,ydipeepo/godot-motion,version_events,Replace with XDUT Motion #5,False,False,False,5,4.3,2024-08-15,0.1
2025-03-10,04c5830af6aed17ce3f263eaf13d63bfd08a7796,2025-03-10,content-at-commit,godot,0f20e25e728c,minor_upgrade,5,4.3,2,1,True,358878c358ec1228f8db87f2a5bc8479d183eb0f,project.godot,ydipeepo/godot-motion,version_events,#15,False,False,False,5,4.4,2025-03-03,0.1
2025-09-10,1abfa16bb35d0b7fbab3a48578a63f8b6ad93555,2025-09-10,content-at-commit,godot,0f20e25e728c,minor_upgrade,5,4.4,1,0,True,9b7120e0796ac7aa4b816a6f02b2edc4a47c0566,project.godot,ydipeepo/godot-motion,version_events,#24 と微調整,False,False,False,5,4.5,2025-09-15,0.1
2025-12-31,4c081401b26a0c7b8f5d9e88cba599fae2aaaf90,2025-12-31,content-at-commit,godot,0f20e25e728c,minor_upgrade,5,4.5,1,0,True,99c12c2eef533912a4ed388c25532dcfe652fc9a,project.godot,ydipeepo/godot-motion,version_events,gdut-1.0.0,False,False,False,5,4.6,2026-01-26,0.1
2021-01-30,9155806796c315f35a0098b519d531e0355c902f,2021-01-30,content-at-commit,godot,0f20e25e728c,initial,,,,,True,,project.godot,viniciusgerevini/godot-clyde-dialogue,version_events,basic interpreter with major features,False,False,False,4,,,0.1
2023-03-19,7d70dc51c0acce9941e5130b865ee4eb566f6258,2023-03-19,content-at-commit,godot,0f20e25e728c,major_migration,4,,,,True,cb47e2094a928a6650f6d9411b5d40be5fa20a20,project.godot,viniciusgerevini/godot-clyde-dialogue,version_events,Convert project to Godot 4 (#22),True,True,True,5,4.0,2023-03-01,0.1
2023-10-25,59a5287ab0a47508989010350c27bad8be068190,2023-10-25,content-at-commit,godot,0f20e25e728c,minor_upgrade,5,4.0,1,0,True,64830bb7e385abbe5a6690bb3257aa84c423d4df,project.godot,viniciusgerevini/godot-clyde-dialogue,version_events,Implement assigment initializer (#26),False,False,False,5,4.1,2023-07-06,0.1
2024-02-14,c682f56ba08e85d296c3affbef948fe3ef209eb5,2024-02-14,content-at-commit,godot,0f20e25e728c,minor_upgrade,5,4.1,1,0,True,68833fb4ff3497b9705c92c4a2c203557fd11766,project.godot,viniciusgerevini/godot-clyde-dialogue,version_events,"Editor, player, id generation, CSV exporter, resource loader/saver, external var support, helpers (Godot 4) (#40)",True,False,True,5,4.2,2023-11-30,0.1
2024-10-02,0a38de0bd16f9125076f2a5d7b4199b4bf7d0d3d,2024-10-02,content-at-commit,godot,0f20e25e728c,minor_upgrade,5,4.2,1,0,True,13a70d37f5225cf5ce11fe94971b35910011ac10,project.godot,viniciusgerevini/godot-clyde-dialogue,version_events,Allow defining speaker to multiple lines at once by indenting them (#51),False,False,False,5,4.3,2024-08-15,0.1
2025-08-16,9326e56ff08aa0d7165622db2bdb88542a861ff2,2025-08-16,content-at-commit,godot,0f20e25e728c,minor_upgrade,5,4.3,2,1,True,30605056849e076975ea2dd816612cb59c37691d,project.godot,viniciusgerevini/godot-clyde-dialogue,version_events,Generating scene UID files for Godot 4.4 (#62),True,False,True,5,4.4,2025-03-03,0.1
2026-05-06,f21f4c9fc92e163c05a88d61e2633e0eb31743c1,2026-05-06,content-at-commit,godot,0f20e25e728c,minor_upgrade,5,4.4,2,1,True,8a197011dad4de58e165de5c7d0271b3e372cb68,project.godot,viniciusgerevini/godot-clyde-dialogue,version_events,fix dialogue event bubble warning (#73),False,False,False,5,4.6,2026-01-26,0.1
2026-08-11,6abf5c9df3bdb8b1af836e836bd190e90e9c5f2f,2026-08-11,content-at-commit,godot,0f20e25e728c,minor_upgrade,5,4.6,1,0,False,95210f3133cf7bb06a5b9cff1ef1c638c6a16f81,project.godot,viniciusgerevini/godot-clyde-dialogue,version_events,fix gut issue and open in godot 4.7,True,False,True,5,4.7,2026-06-18,0.1
2022-03-17,d03e7982f684b862b57fa9c0d20a9a46f334c6b0,2022-03-17,content-at-commit,godot,0f20e25e728c,initial,,,,,True,,project.godot,paddy-exe/GDExtensionSummator,version_events,Initial commit,False,False,False,5,4.0,2023-03-01,0.1
2022-03-18,2931e6a64014ba516a5e24ace6c78ae7a599f939,2022-03-18,content-at-commit,godot,0f20e25e728c,initial,,,,,True,40991662e9bfbacbc4abd88c162dc61f6872fa27,game/project.godot,paddy-exe/GDExtensionSummator,version_events,Few changes to structure and the .gdextension file (#1),False,False,False,5,4.0,2023-03-01,0.1
2023-07-02,0f36f34a0259e4c6bafc456910ec7a87f200cc27,2023-07-02,content-at-commit,godot,0f20e25e728c,minor_upgrade,5,4.0,1,0,True,12c9a170c35123f56aa251984d66a44f05888199,game/project.godot,paddy-exe/GDExtensionSummator,version_events,4.1 RC2 Update (#59),False,False,True,5,4.1,2023-07-06,0.1
2023-12-03,46a6b99b8e28fadb3764fbeb71d5669037046679,2023-12-03,content-at-commit,godot,0f20e25e728c,minor_upgrade,5,4.1,1,0,True,d83436321e721f3e634a80e4899e2acceb830cd7,game/project.godot,paddy-exe/GDExtensionSummator,version_events,Update project for Godot version 4.2 (#64),True,True,True,5,4.2,2023-11-30,0.1
2024-07-04,626ba2211d0c8c7a6c034856ed49d39b20e101a1,2024-07-04,content-at-commit,godot,0f20e25e728c,minor_upgrade,5,4.2,1,0,True,46a6b99b8e28fadb3764fbeb71d5669037046679,game/project.godot,paddy-exe/GDExtensionSummator,version_events,Add documentation capabilities to template (#66),False,False,False,5,4.3,2024-08-15,0.1
2023-01-11,ecc2218b68cc877a6e7dc34a66e5b7d57e117860,2023-01-11,content-at-commit,godot,0f20e25e728c,initial,,,,,True,ee1af93e4bfd403aeb4d4b41744547b3ed9c7cb5,src/code/CellularAutomaton.UI.Godot/project.godot,jirikostiha/cellular-automaton,version_events,feat(ui): godot ui,True,False,False,4,,,0.1
2023-01-31,d0c7e429560217a241b9ddbf4797ee500cda6b52,2023-01-31,content-at-commit,godot,0f20e25e728c,major_migration,4,,,,True,0aaf0941578e8197fcaed768b8d21437f5daa565,src/code/CellularAutomaton.UI.Godot/project.godot,jirikostiha/cellular-automaton,version_events,feat!: convert to godot 4.0,True,True,True,5,4.0,2023-03-01,0.1
2022-09-30,6fdbc504a814d11099354b35f47617205bf37c4f,2022-09-30,content-at-commit,godot,0f20e25e728c,initial,,,,,True,,project.godot,selgesel/godot4-third-person-controller,version_events,Initial commit,False,False,False,5,4.0,2023-03-01,0.1
2024-07-23,c809ec20fd8170f4a81f3d8964e8a9838f8b29da,2024-07-23,content-at-commit,godot,0f20e25e728c,minor_upgrade,5,4.0,2,1,True,18f14594af3412826f3026a9f04a01f32a084cbf,project.godot,selgesel/godot4-third-person-controller,version_events,"Use LFS for binary files, use Godot 4.2, delete unused screenshot, add contribution guide",True,False,True,5,4.2,2023-11-30,0.1
2020-08-31,f8f56959a7d2f3c5b104a0881737d4a8985551cb,2020-08-31,content-at-commit,godot,0f20e25e728c,initial,,,,,True,,project.godot,Greaby/godot-neuroevolution,version_events,first commit,False,False,False,4,,,0.1
2026-07-31,7a3493dc564c1a141384524be0d3b56d9554f4ca,2026-07-31,content-at-commit,godot,0f20e25e728c,major_migration,4,,,,True,564056e52d49b55a2819cde8051a4b2dc4eb237d,project.godot,Greaby/godot-neuroevolution,version_events,feat: udpdate to godot engine 4.7,True,False,True,5,4.7,2026-06-18,0.1
2021-04-06,f0a8426bbf8f3b031d0b332f86c290b908eb2b5b,2021-04-06,content-at-commit,godot,0f20e25e728c,initial,,,,,True,831647a5b8c51d7f8e4e47818f043c8b772ebb48,project.godot,bakneko/WaveShooter,version_events,init project,False,False,False,4,,,0.1
2025-11-19,1ebcf19b4153964c958e2b67e81714ada1060eea,2025-11-19,content-at-commit,godot,0f20e25e728c,major_migration,4,,,,True,556c3b4803e16db90e27c9199896edec4117f82e,project.godot,bakneko/WaveShooter,version_events,尝试升级到godot 4.5,True,False,True,5,4.5,2025-09-15,0.1
2023-01-26,54131c2ff4147da712cb8df421d55e05c10693fe,2023-01-26,content-at-commit,godot,0f20e25e728c,initial,,,,,True,d4fcf4b94c874b9d0eaae3f4eef879037c4b44be,project.godot,Lamby777/PETS-G,version_events,init project,False,False,False,4,,,0.1
2023-01-31,5383c404d7aa2b9698284c34314c2afe1850f2af,2023-01-31,content-at-commit,godot,0f20e25e728c,initial,,,,,True,038eb9808bd787c31d001a7b3a38270e8a42ce47,project.godot,Lamby777/PETS-G,version_events,Import template,False,False,False,4,,,0.1
2023-02-20,543208d7666c09d4e73935ededeb4794454b4ce2,2023-02-20,content-at-commit,godot,0f20e25e728c,major_migration,4,,,,True,a18560e07cdeb62799d1c6f7bdc52c138452202b,project.godot,Lamby777/PETS-G,version_events,Convert to Godot 4,True,True,True,5,,,0.1
2023-02-21,73ad436e8eef74319c0a4eddc8eac8e6019b7846,2023-02-21,content-at-commit,godot,0f20e25e728c,initial,,,,,True,374ddf1fdc78a8fa208545f489ed4a0c5d3bd37c,pets-gd/project.godot,Lamby777/PETS-G,version_events,Split directory structure (-gd and -lib),False,False,False,4,,,0.1
2023-02-21,f01a6e87e253b6294d9e22e120498558adddb3e1,2023-02-21,content-at-commit,godot,0f20e25e728c,major_rollback,5,,,,True,543208d7666c09d4e73935ededeb4794454b4ce2,project.godot,Lamby777/PETS-G,version_events,"Revert ""Convert to Godot 4""",True,True,True,4,,,0.1
2023-02-25,d2f6d72b50d58cd4cbcd68eaaac93a785dbbc22f,2023-02-25,content-at-commit,godot,0f20e25e728c,initial,,,,,True,0a6ea30791749ce40e479821e7dfbca274620c01,pets-gd/project.godot,Lamby777/PETS-G,version_events,ACTUALLY put files in the right place this time (except c2 stuff),False,False,False,4,,,0.1
2023-02-25,13b622a31d2c030832bf31d82b4ab8247088eebf,2023-02-25,content-at-commit,godot,0f20e25e728c,initial,,,,,True,73ad436e8eef74319c0a4eddc8eac8e6019b7846,project.godot,Lamby777/PETS-G,version_events,"Revert ""Split directory structure (-gd and -lib)""",False,False,False,4,,,0.1
2023-02-26,1dbd905610da544d1639b3ed296ad5835f56f7c7,2023-02-26,content-at-commit,godot,0f20e25e728c,initial,,,,,True,79dc70a72ea9d6e5c175794f9edff13e20528c5a,pets-gd/project.godot,Lamby777/PETS-G,version_events,Create new retro project from scratch + Import builds as separate pngs,False,False,False,5,4.0,2023-03-01,0.1
2023-02-26,f8bd7fc8ea3fcf47480f9fa8c99dd9a7043002e4,2023-02-26,content-at-commit,godot,0f20e25e728c,major_migration,4,,,,True,2d95a1f7d3fb12d65983ddd98ad1883648211053,pets-gd/project.godot,Lamby777/PETS-G,version_events,"Convert to 4.0, and fix compiler errors",False,True,True,5,4.0,2023-03-01,0.1
2023-07-15,281d0b50162cc03a1b4c140b8e2741a3be4c50c4,2023-07-15,content-at-commit,godot,0f20e25e728c,minor_downgrade,5,4.1,-1,0,True,69a07763071634507b4395735a8be83c71e77d77,pets-gd/project.godot,Lamby777/PETS-G,version_events,"Revert ""Godot 4.1 (Discord plugin)""",True,False,True,5,4.0,2023-03-01,0.1
2023-07-15,69a07763071634507b4395735a8be83c71e77d77,2023-07-15,content-at-commit,godot,0f20e25e728c,minor_upgrade,5,4.0,1,0,True,73210d85d89f43411a5443c553e5dfa06873f8b3,pets-gd/project.godot,Lamby777/PETS-G,version_events,Godot 4.1 (Discord plugin),True,False,True,5,4.1,2023-07-06,0.1
2023-07-31,ecdff16d0fc9cc2c4534b13979bc9261ef73c261,2023-07-31,content-at-commit,godot,0f20e25e728c,minor_upgrade,5,4.0,1,0,True,ae6bb53294f9639642b02b86a91947f18202a185,pets-gd/project.godot,Lamby777/PETS-G,version_events,update discord plugin,False,False,False,5,4.1,2023-07-06,0.1
2023-12-03,8fd74601009a272d035a3372a4b2acbd40ae093f,2023-12-03,content-at-commit,godot,0f20e25e728c,minor_upgrade,5,4.1,1,0,False,37324aafb34f26311dcd1cff3db22f723098010d,pets-gd/project.godot,Lamby777/PETS-G,version_events,pass label nodes into tweening closure by id,False,False,False,5,4.2,2023-11-30,0.1
2023-12-03,8b4adcc9c552f74abd2006a0ea7ad8d4c4d800d2,2023-12-03,content-at-commit,godot,0f20e25e728c,minor_upgrade,5,4.1,1,0,True,7dc0bac806d4e783e650574a8eeb62e723dc5cba,pets-gd/project.godot,Lamby777/PETS-G,version_events,pass label nodes into tweening closure by id,False,False,False,5,4.2,2023-11-30,0.1
2024-08-17,47eb412166d48bb7a229edde6373e0eb97a75a78,2024-08-17,content-at-commit,godot,0f20e25e728c,minor_upgrade,5,4.2,1,0,True,b708b3a5ee0abb4380480a339b3d148cabefdc0b,pets-gd/project.godot,Lamby777/PETS-G,version_events,opened in godot v4.3,True,False,True,5,4.3,2024-08-15,0.1
2025-04-09,4842c6cfec8d599c7d2ecece6e74c59cb1a6a4d5,2025-04-09,content-at-commit,godot,0f20e25e728c,minor_upgrade,5,4.3,2,1,True,e18fdc2f3b6b8744dfe167f8d0914b18df45c619,pets-gd/project.godot,Lamby777/PETS-G,version_events,godot 4.4 project conversion,True,False,True,5,4.4,2025-03-03,0.1
2025-11-14,42cecfd88808a2e190bab154a13a7f24a0b0017a,2025-11-14,content-at-commit,godot,0f20e25e728c,minor_upgrade,5,4.4,1,0,True,1e76be29c27809e9b3ceb42164c395e743b2b1ac,pets-gd/project.godot,Lamby777/PETS-G,version_events,godot 4.5,True,False,True,5,4.5,2025-09-15,0.1
2026-02-12,cd890de2efbeabbb85cf467c12c106cbf6e5ceaa,2026-02-12,content-at-commit,godot,0f20e25e728c,minor_upgrade,5,4.5,1,0,True,878f0e5f8ddda98c8d62bef56f8b2fd5bcf0b93e,pets-gd/project.godot,Lamby777/PETS-G,version_events,comment out ca tween printing when not inside tree,False,False,False,5,4.6,2026-01-26,0.1
2022-12-20,f4a23daa339957a383cf8065d1b1b5ad7aebf1e6,2022-12-20,content-at-commit,godot,4fd761645d85,initial,,,,,True,,project.godot,Steveplays28/multiplayer-godot-4,version_events,first commit,False,False,False,5,4.0,2023-03-01,0.1
2022-10-09,16943d9bd418105f82cffd7eb981befd43d740f8,2022-10-09,content-at-commit,godot,4fd761645d85,initial,,,,,True,,project/project.godot,antonWetzel/GDExtensionCSharp,version_events,init,False,False,False,5,4.0,2023-03-01,0.1
2022-10-17,4c6e0bacdc383862a05f9e0d0473602c72c74877,2022-10-17,content-at-commit,godot,4fd761645d85,initial,,,,,True,66e92d9053d7b5fc9080df6f62ee3d266ca8e1a2,Example/project.godot,antonWetzel/GDExtensionCSharp,version_events,source generators and rename of project to example,False,False,False,5,4.0,2023-03-01,0.1
2022-10-25,9169b5b0048490d10db21ed06414503fa46a61f2,2022-10-25,content-at-commit,godot,4fd761645d85,initial,,,,,True,aca78b75e4e82d82c6bff6ed5ebf4fcc374504b0,DodgeTheCreeps/project.godot,antonWetzel/GDExtensionCSharp,version_events,"""working"" dodge the creeps",False,False,False,5,4.0,2023-03-01,0.1
2022-10-30,8901e50a1da6c27536db495f314c75f06f098a4c,2022-10-30,content-at-commit,godot,4fd761645d85,initial,,,,,True,f3a036679aca05e8136c7e0a1a62dde86dfe9cb9,Examples/DodgeTheCreeps/project.godot,antonWetzel/GDExtensionCSharp,version_events,summator example,False,False,False,5,4.0,2023-03-01,0.1
2022-10-30,8901e50a1da6c27536db495f314c75f06f098a4c,2022-10-30,content-at-commit,godot,4fd761645d85,initial,,,,,True,f3a036679aca05e8136c7e0a1a62dde86dfe9cb9,Examples/Summator/project.godot,antonWetzel/GDExtensionCSharp,version_events,summator example,False,False,False,5,4.0,2023-03-01,0.1
2019-08-08,4579678a2dc198b4427a81509c1b660d3d4da4b4,2019-08-08,content-at-commit,godot,4fd761645d85,initial,,,,,True,d4f86cc226e443656f90a4bcd8916e3df3ffa87d,project.godot,Whimfoome/godot-FirstPersonStarter,version_events,Commit,False,False,False,4,,,0.1
2023-02-11,97a9c817324a4ef19b76934fdc62ebcbded2d6c1,2023-02-11,content-at-commit,godot,4fd761645d85,major_migration,4,,,,True,e8605fc8336560be2afc2e98a9ce30a6592920fb,project.godot,Whimfoome/godot-FirstPersonStarter,version_events,Update to Godot 4 (#30),True,False,True,5,4.0,2023-03-01,0.1
2024-04-25,893db99a10eedadbd8189c040fb4d41fdf6ca46a,2024-04-25,content-at-commit,godot,4fd761645d85,minor_upgrade,5,4.0,2,1,True,97a9c817324a4ef19b76934fdc62ebcbded2d6c1,project.godot,Whimfoome/godot-FirstPersonStarter,version_events,fix: problems if acceleration is too big (#33),False,False,False,5,4.2,2023-11-30,0.1
2021-05-18,fcea971c1dac642c97cf097db0862e8f7dd90ce9,2021-05-18,content-at-commit,godot,4fd761645d85,initial,,,,,True,,project.godot,Greaby/godot-2d-track-generator,version_events,first commit,False,False,False,4,,,0.1
2026-07-26,021aa354289180aae7bfd487bd503729925c45d9,2026-07-26,content-at-commit,godot,4fd761645d85,major_migration,4,,,,True,ced62917c690d164730dae303b750eeb329cbdce,project.godot,Greaby/godot-2d-track-generator,version_events,feat: update to godot engine 4.7,True,False,True,5,4.7,2026-06-18,0.1
2020-07-09,72174f8aa1d75707d8a9358c24771054da46b167,2020-07-09,content-at-commit,godot,4fd761645d85,initial,,,,,True,,project.godot,jeremyz/godot-hexgrid,version_events,Initial commit,False,False,False,4,,,0.1
2023-03-14,c2a17228c19c4f959367b139e39c5e24dd7edd36,2023-03-14,content-at-commit,godot,4fd761645d85,major_migration,4,,,,True,d7ae050e7dc27fa052a9f4dbf065fdb86a966967,project.godot,jeremyz/godot-hexgrid,version_events,go godot4,True,False,True,5,4.1,2023-07-06,0.1
2023-11-08,1324cfeb4487a4a356fda888669dfc47d80dc293,2023-11-08,content-at-commit,godot,4fd761645d85,minor_upgrade,5,4.1,1,0,True,66e7aefa223f4c3ef22754a1ebd0c3f162ca2785,project.godot,jeremyz/godot-hexgrid,version_events,update to godot 4.2,True,False,True,5,4.2,2023-11-30,0.1
2022-04-01,1fd93769454359ad5bd4b3b89420cbe0dc7ed94c,2022-04-01,content-at-commit,godot,4fd761645d85,initial,,,,,True,,project.godot,bakneko/godot-template,version_events,initial commit,False,False,False,4,,,0.1
2022-04-02,08e5f0d8214268232308eed7f3e4823faf33c0a7,2022-08-10,content-at-commit,godot,4fd761645d85,major_migration,4,,,,True,1fd93769454359ad5bd4b3b89420cbe0dc7ed94c,project.godot,bakneko/godot-template,version_events,Initial 4.0 commit,False,False,True,5,4.0,2023-03-01,0.1
2023-03-08,2e028cf6c97bfb1245bbbdcc1fbb67cc43c1baef,2023-03-08,content-at-commit,godot,4fd761645d85,initial,,,,,True,07ee5dc596fafaba03e665e5e06849cdad0365b0,Standalone/project.godot,KoBeWi/Godot-Spritesheet-Generator,version_events,Added standalone release support,False,False,False,5,4.0,2023-03-01,0.1
2023-08-18,da7aea28f14553cb3d494877b7e8dd1752673465,2023-08-31,content-at-commit,godot,4fd761645d85,initial,,,,,True,99304b6c6781b8dbb644a9ea8fc3783d7ea76a8b,project.godot,KoBeWi/Godot-Spritesheet-Generator,version_events,Rebranding. Project is now stand-alone only (WIP),False,False,False,5,4.2,2023-11-30,0.1
2024-04-02,9243c68d027b564bed5ae73c4f59c7691b1f70dd,2024-04-02,content-at-commit,godot,4fd761645d85,minor_upgrade,5,4.2,1,0,True,8e5e80ee26009d084a3162a09db7b7de154ec5fe,project.godot,KoBeWi/Godot-Spritesheet-Generator,version_events,Re-implement splitting,False,False,False,5,4.3,2024-08-15,0.1
2024-11-03,0f06896bc484d084c28e095a7b77c033715608b3,2024-11-03,content-at-commit,godot,4fd761645d85,minor_upgrade,5,4.3,2,1,True,a10aa91bc3c48c793bc75b699d88006cd9d0e660,project.godot,KoBeWi/Godot-Spritesheet-Generator,version_events,Progress,False,False,False,5,4.4,2025-03-03,0.1
2025-07-29,104bdbcc46466391c4f2b3b20caf1e4d9f1a665b,2025-07-29,content-at-commit,godot,4fd761645d85,minor_upgrade,5,4.4,1,0,True,f6c304c5f0a64b357118b6051832b073b98c831a,project.godot,KoBeWi/Godot-Spritesheet-Generator,version_events,Upgrade,False,True,False,5,4.5,2025-09-15,0.1
2023-02-17,9619e18dfd8948cb0b945f2266d2ab68d29285b7,2023-02-17,content-at-commit,godot,4fd761645d85,initial,,,,,True,8dd314dbcd977d164fda7541900baaca1df393be,Godot3DInterpreter/project.godot,system-er/Godot3DInterpreter,version_events,Add files via upload,False,False,False,5,4.0,2023-03-01,0.1
2023-08-02,bd77237497ec6d35001f97563d32d94e72163a9f,2023-08-02,content-at-commit,godot,4fd761645d85,minor_upgrade,5,4.0,1,0,True,810dbe7679a123067dce78371208d50778db4bfa,Godot3DInterpreter/project.godot,system-er/Godot3DInterpreter,version_events,update,False,False,False,5,4.1,2023-07-06,0.1
2018-10-21,8e89f4b42783c585fb9cef7dabf989cab85fa979,2018-10-21,content-at-commit,godot,4fd761645d85,initial,,,,,True,1b1e85412626786bb43ef2298fa7c37ad4f379ba,project.godot,themangomago/godot-simpleTheme,version_events,initial creation,False,False,False,3,,,0.1
2022-09-19,2cd12dd403c91736ae4f96af5774959e2f62ec61,2022-09-19,content-at-commit,godot,4fd761645d85,initial,,,,,True,,project.godot,rbarongr/GodotFirstPersonController,version_events,Initial commit,False,False,False,5,4.0,2023-03-01,0.1
2023-07-06,19b1fd65cae75ee5ff9b39d21eab5881a4993f64,2023-07-06,content-at-commit,godot,4fd761645d85,minor_upgrade,5,4.0,1,0,True,5a6078c4e52898d9db35fa128e42b846fa7af0fa,project.godot,rbarongr/GodotFirstPersonController,version_events,update project info,False,False,False,5,4.1,2023-07-06,0.1
2025-03-08,1806fb23568c8f2020c3887c50ecd196a91d629c,2025-03-08,content-at-commit,godot,4fd761645d85,minor_upgrade,5,4.1,4,3,True,f649762123b2b0f4f8090aff9ef1a059d44fc704,project.godot,rbarongr/GodotFirstPersonController,version_events,update to Godot 4.4,True,False,True,5,4.4,2025-03-03,0.1
2023-01-29,5e83af6cf178edef2113a5892531e2931471e8d3,2023-01-29,content-at-commit,godot,4fd761645d85,initial,,,,,True,,project.godot,bend-n/splitter,version_events,Initial commit,False,False,False,5,4.0,2023-03-01,0.1
2023-04-21,9ca0cf53e2a596b1f7536974633250bedcc4eab7,2023-04-21,content-at-commit,godot,4fd761645d85,minor_upgrade,5,4.0,1,0,True,07db6e1ee023b3b6f277164a5c099f890996dd3c,project.godot,bend-n/splitter,version_events,add a manual scale override,False,False,False,5,4.1,2023-07-06,0.1
2020-05-12,4a88c2d0f6d2d7e3ad5635bc59c64d2f1d5cd598,2020-05-12,content-at-commit,godot,4fd761645d85,initial,,,,,True,b016f00d552b409b118ac6211c9728c2ba8e1a6c,godot/project.godot,gdquest-demos/godot-visual-effects,version_events,"Add Godot project, update README",True,False,False,4,,,0.1
2024-09-25,74c65b4986118059ca779c12cbf54143ab27ce8d,2024-09-25,content-at-commit,godot,4fd761645d85,major_migration,4,,,,True,88f1759c41f2f0aaef0d8a19c5f923b67aa89bca,godot/project.godot,gdquest-demos/godot-visual-effects,version_events,feat: port project to Godot 4 (#17),True,True,True,5,4.3,2024-08-15,0.1
2018-05-06,36827797000f5df6ecc94d03f55595b323c62ee7,2018-05-06,content-at-commit,godot,4fd761645d85,initial,,,,,True,986464199c775cef585d7e55028b8c48622738e1,project.godot,Bauxitedev/godot-jigglebones,version_events,Add all other files,False,False,False,3,,,0.1
2023-01-31,44dd2589d854624bc9190dc2c61366dde2c43b58,2023-01-31,content-at-commit,godot,4fd761645d85,initial,,,,,True,,project.godot,jrenato/dynamic_terrain,version_events,first commit,False,False,False,5,4.0,2023-03-01,0.1
2022-11-23,d32a396f0c27fa0bd7de0e3e264cb16f072c58ac,2022-11-23,content-at-commit,godot,4fd761645d85,initial,,,,,True,1972365e70ca776a17de00322c08f7ae127acd31,project.godot,YarnSpinnerTool/YarnSpinner-Godot,version_events,add code from Taedan and basic godot project setup,True,False,False,4,,,0.1
2022-12-05,a05b9c6f347c73df5add9cd55893c700953c4e31,2022-12-05,content-at-commit,godot,4fd761645d85,major_migration,4,,,,True,b8976bf9def02a4a0f15f5a2cb6cc38b1afc87ff,project.godot,YarnSpinnerTool/YarnSpinner-Godot,version_events,commit migrated to godot 4 code,True,True,True,5,4.0,2023-03-01,0.1
2022-12-10,cbb942035b610d174235cd9b353d2234e0e30093,2022-12-10,content-at-commit,godot,4fd761645d85,major_rollback,5,4.0,,,True,3b4ef3799eef9c8992d35d72ef260afe75319f72,project.godot,YarnSpinnerTool/YarnSpinner-Godot,version_events,port changes back from 4,False,True,False,4,,,0.1
2022-12-30,2de87967888bab230711c35bd766664f3f70042e,2023-09-12,content-at-commit,godot,4fd761645d85,major_migration,4,,,,True,e9607f1793b343f2471217e86610b7de0dd73a08,project.godot,YarnSpinnerTool/YarnSpinner-Godot,version_events,Upgrade to Godot 4 update visual novel sample for godot 4 fix space sample for godot 4,True,True,True,5,4.1,2023-07-06,0.1
2023-12-08,d4a6b1728228eb702c42fed888c1a14a8921ebee,2023-12-08,content-at-commit,godot,4fd761645d85,minor_upgrade,5,4.1,1,0,True,ca1af858bbd43f9dd975630c3f414a4121ecc1f8,project.godot,YarnSpinnerTool/YarnSpinner-Godot,version_events,Upgrade to Godot 4.2,True,True,True,5,4.2,2023-11-30,0.1
2024-11-02,b2ecac82db172151cf3ab47968a9d76f98f24375,2024-11-02,content-at-commit,godot,4fd761645d85,minor_upgrade,5,4.2,1,0,True,526767b45de3841eda5b166cdf6e76ebc94124f0,project.godot,YarnSpinnerTool/YarnSpinner-Godot,version_events,v0.2.14 Gdscript Integration  (#71),False,False,False,5,4.3,2024-08-15,0.1
2025-05-04,f4a83ace082e5b4415eead666a2a084a6294740e,2025-05-04,content-at-commit,godot,4fd761645d85,minor_upgrade,5,4.3,2,1,True,1ceb4a3eaae3938a90e8b6f668d7dd60496a094a,project.godot,YarnSpinnerTool/YarnSpinner-Godot,version_events,Upgrade the addon and samples to Godot 4.4.1. The addon now delivers .uid files as part of the 4.4 upgrade.,True,True,True,5,4.4,2025-03-03,0.1
2025-08-02,d983b16ac83132ce954bf1b076e0fef08af59f4b,2025-08-02,content-at-commit,godot,4fd761645d85,minor_upgrade,5,4.4,1,0,True,4fa70d3e2e9a4f13e7618f67910190cae84b8d2e,project.godot,YarnSpinnerTool/YarnSpinner-Godot,version_events,v0.3.6 error message fixes (#103),False,False,True,5,4.5,2025-09-15,0.1
2026-02-13,ee62e1dd17b0d6da186e7eaa9ba3563c9bf8f346,2026-02-13,content-at-commit,godot,4fd761645d85,minor_upgrade,5,4.5,1,0,True,aed7e7e9263af253c8b2acc691e47c0a41144d29,project.godot,YarnSpinnerTool/YarnSpinner-Godot,version_events,update samples to godot 4.6 stable (#116),True,False,True,5,4.6,2026-01-26,0.1
2022-02-07,97f793c3b78a794938539d641a346019c769bfb6,2022-02-07,content-at-commit,godot,4fd761645d85,initial,,,,,True,,project.godot,LucaJunge/godot_orbit_controls,version_events,first test,False,False,False,4,,,0.1
2023-04-16,2f04e2ec95d776736ad55d9af3791582a63a6ffc,2023-04-16,content-at-commit,godot,4fd761645d85,major_migration,4,,,,True,2ce3f36fb8f1460818a952675d22cf8ff5423593,project.godot,LucaJunge/godot_orbit_controls,version_events,feat: godot 4.x support,True,False,True,5,4.0,2023-03-01,0.1
2018-06-16,3d1faf649ff9ab685067d02b3624afb75602cfe6,2018-06-16,content-at-commit,godot,642a24306b30,initial,,,,,True,e5110b988a3afa3ad2bb2b6d037d4d68fba7bac3,Frostheat/project.godot,jorgebaptista/jam-heatfrost,version_events,Created Godot project and player body with basic input.,True,False,False,3,,,0.1
2018-06-17,55593ceab4f6ebea23d410b3fcae5bee4bafed00,2018-06-17,content-at-commit,godot,642a24306b30,initial,,,,,True,787c8fc7f45ede083b36aae793a1e3505c9f3c75,HeatFrost/project.godot,jorgebaptista/jam-heatfrost,version_events,Renamed project correctly to HeatFrost.,False,False,False,3,,,0.1
2018-06-17,79970c37841dd0b80a3acb85461459582b23c2e7,2018-06-17,content-at-commit,godot,642a24306b30,initial,,,,,True,8541ecafc952088656f0c9a11b4db87dd0732f80,Heatfrost/project.godot,jorgebaptista/jam-heatfrost,version_events,"Renamed project, created and finished (first version) GDD",False,False,False,3,,,0.1
2020-03-29,47001e3dcb2fd760acdfb0ce6d65c729b938cbef,2020-03-29,content-at-commit,godot,642a24306b30,initial,,,,,True,,project.godot,rakkarage/PixelInterface,version_events,first,False,False,False,4,,,0.1
2023-05-06,3a292a3e756ad401993b065244f6d7a0a6b5b81a,2023-05-06,content-at-commit,godot,642a24306b30,major_migration,4,,,,False,22bb074e20bc0bb9ef7b53943039f2b585b0a431,project.godot,rakkarage/PixelInterface,version_events,4,False,False,False,5,4.0,2023-03-01,0.1
2023-05-12,ea291d949a2150a42dff2900192c7491c8e705ab,2023-05-12,content-at-commit,godot,642a24306b30,major_migration,4,,,,True,22bb074e20bc0bb9ef7b53943039f2b585b0a431,project.godot,rakkarage/PixelInterface,version_events,Squashed commit of the following:,False,False,False,5,4.0,2023-03-01,0.1
2023-06-26,b87ed1200c4011e17a269269a7fb3a487b68dbef,2023-06-26,content-at-commit,godot,642a24306b30,minor_upgrade,5,4.0,1,0,True,4cf5e7ab8a8e5a3e373f74881ba3768b754836ee,project.godot,rakkarage/PixelInterface,version_events,x,False,False,False,5,4.1,2023-07-06,0.1
2020-04-25,d013bcb02ff8d3664ee29f4aca41da485972ab61,2020-04-25,content-at-commit,godot,642a24306b30,initial,,,,,True,97a1238e96c1868df8d1cc8cf738122af515f325,3D/Plane/project.godot,MrEliptik/godot_experiments,version_events,[plane] initial commit,False,False,False,4,,,0.1
2020-05-04,836cf0ba612d6a540abd1758a08e9d3647e7d77b,2020-05-04,content-at-commit,godot,642a24306b30,initial,,,,,True,fff5fa6b92a363af89356969416c22700f274824,2D/mobile_ui/project.godot,MrEliptik/godot_experiments,version_events,intial commit,False,False,False,4,,,0.1
2020-05-11,8f8bac4b1e2c7012e07ded286197cabb8919992b,2020-05-11,content-at-commit,godot,642a24306b30,initial,,,,,True,fb7fef9865ead99b5f63f355ca30f29801a5d853,2D/hang/project.godot,MrEliptik/godot_experiments,version_events,[hang] initial commit (protoype working),False,False,False,4,,,0.1
2020-05-19,3fcf5174e41e5aa9d211869451ba6b06f2f591f4,2020-05-19,content-at-commit,godot,642a24306b30,initial,,,,,True,a988aa3f374224c694b19b00bb5197c102a45b1d,2D/quick_prototype/project.godot,MrEliptik/godot_experiments,version_events,[quick_prototype] initial commit,False,False,False,4,,,0.1
2020-09-27,eea12f6798eab3598e0d5e391f5a681af8e64793,2020-09-27,content-at-commit,godot,642a24306b30,initial,,,,,True,4761af6f1248ae9924d4fa0d7711ff8f020a918a,2D/android_accelerometer/project.godot,MrEliptik/godot_experiments,version_events,[2D/android_accelerometer] initial commit,False,False,False,4,,,0.1
2020-09-29,a433666e9950269f558c8a41318fc2627090a5e0,2020-09-29,content-at-commit,godot,642a24306b30,initial,,,,,True,952980a09009f3c7f3baf0920da858bbc8f311ac,3D/android_maze_accelerometer/project.godot,MrEliptik/godot_experiments,version_events,[3D/android_maze_accelerometer] initial commit,False,False,False,4,,,0.1
2021-04-30,84bcdd2f3ad0536206104a9f8c3c66928f0eefcc,2021-04-30,content-at-commit,godot,642a24306b30,initial,,,,,True,cd025598fd07b286439ce3c2172facd0e9cc54da,2D/loading_shader/project.godot,MrEliptik/godot_experiments,version_events,[2D/loading_shader] add project update readme with project and result,False,False,False,4,,,0.1
2021-05-20,7e2f52bfd883367a930f7ec5191b6c1f02b64d8c,2021-05-20,content-at-commit,godot,642a24306b30,initial,,,,,True,418946420ed43682e353102a85f2558b13be7a90,2D/scratch_shader/project.godot,MrEliptik/godot_experiments,version_events,[2D/scratch_shader] working,False,False,False,4,,,0.1
2021-06-08,fe5eeec4565e8aa995c224dda113095a9448aa61,2021-06-08,content-at-commit,godot,642a24306b30,initial,,,,,True,c1db7514cde4a0ffbe347e721d7cfdea10e61946,2D/Train_tracks/project.godot,MrEliptik/godot_experiments,version_events,[2D/Train_tracks] initial commit,False,False,False,4,,,0.1
2021-06-15,9d88e79f12ad5ff5ebd1305e58c3e37618c6c345,2021-06-15,content-at-commit,godot,642a24306b30,initial,,,,,True,2c57858315c018c47f3c129117fe61035218cdb4,2D/accelerometer_gamepad_game/project.godot,MrEliptik/godot_experiments,version_events,[2D/accelerometer_gamepad_game] fully working,False,False,False,4,,,0.1
2021-06-21,2dae721ea3d166cf325f7c968fc82001a96df76f,2021-06-21,content-at-commit,godot,642a24306b30,initial,,,,,True,70db89abd2eeb0840ccb531089d3e04bba7a740e,2D/flag_shader/project.godot,MrEliptik/godot_experiments,version_events,[2D/flag_shader] flag shader (3D finished),False,False,False,4,,,0.1
2021-07-09,2876bef34e239137e4cf3522dc850983dea7daf4,2021-07-09,content-at-commit,godot,642a24306b30,initial,,,,,True,8b7022359da367f451735b068149a633f073277f,2D/connected_dots/project.godot,MrEliptik/godot_experiments,version_events,[2D/connected_dots] finished,False,False,False,4,,,0.1
2021-09-09,a0e116b9b86a73a972ea5de1600dcfab96c47aad,2021-09-09,content-at-commit,godot,642a24306b30,initial,,,,,True,348c695f5ff2444296bc9c65d836fa547431f9d2,2D/7_tips_2D_look/project.godot,MrEliptik/godot_experiments,version_events,[2D/7_tips_2D_look] final,False,False,False,4,,,0.1
2021-09-09,a0e116b9b86a73a972ea5de1600dcfab96c47aad,2021-09-09,content-at-commit,godot,642a24306b30,initial,,,,,True,348c695f5ff2444296bc9c65d836fa547431f9d2,2D/desktop_plant/project.godot,MrEliptik/godot_experiments,version_events,[2D/7_tips_2D_look] final,False,False,False,4,,,0.1
2021-09-09,a0e116b9b86a73a972ea5de1600dcfab96c47aad,2021-09-09,content-at-commit,godot,642a24306b30,initial,,,,,True,348c695f5ff2444296bc9c65d836fa547431f9d2,2D/lightning/project.godot,MrEliptik/godot_experiments,version_events,[2D/7_tips_2D_look] final,False,False,False,4,,,0.1
2021-09-09,a0e116b9b86a73a972ea5de1600dcfab96c47aad,2021-09-09,content-at-commit,godot,642a24306b30,initial,,,,,True,348c695f5ff2444296bc9c65d836fa547431f9d2,2D/metaballs/project.godot,MrEliptik/godot_experiments,version_events,[2D/7_tips_2D_look] final,False,False,False,4,,,0.1
2021-09-09,a0e116b9b86a73a972ea5de1600dcfab96c47aad,2021-09-09,content-at-commit,godot,642a24306b30,initial,,,,,True,348c695f5ff2444296bc9c65d836fa547431f9d2,2D/rgb_split/project.godot,MrEliptik/godot_experiments,version_events,[2D/7_tips_2D_look] final,False,False,False,4,,,0.1
2021-09-29,f49ca4e3c91684eb411a77f7a5534ef0ac9de61d,2021-09-29,content-at-commit,godot,642a24306b30,initial,,,,,True,82d5cf78d8811e1554e84596ff53ca04e533e946,2D/destructible_terrain/project.godot,MrEliptik/godot_experiments,version_events,"[2D/destructible_terrain] initial commit, probably need cleanup",False,False,False,4,,,0.1
2021-09-29,66af25c97f73da489064d59fe8741762701f810e,2021-09-29,content-at-commit,godot,642a24306b30,initial,,,,,True,f49ca4e3c91684eb411a77f7a5534ef0ac9de61d,2D/geometry_class/project.godot,MrEliptik/godot_experiments,version_events,[2D/geometry_class] finished,False,False,False,4,,,0.1
2022-07-22,afad65c42365bdafd70d6f632b8a5f710e8fbc8d,2022-07-22,content-at-commit,godot,642a24306b30,initial,,,,,True,10c9a1a7440076b601f845bba2d4150b7f95079f,2D/rewind_mechanic/project.godot,MrEliptik/godot_experiments,version_events,[2D/rewind mechanic] working,False,False,False,4,,,0.1
2022-12-15,194fa94b1de94d1d88bcce38da0a1eef87726ee0,2022-12-15,content-at-commit,godot,642a24306b30,initial,,,,,True,38bf0a0a74aa827f8dac1a67a56b5460c4076ea6,2D/trajectory_line/project.godot,MrEliptik/godot_experiments,version_events,[2D/trajectory_line] initial commit,False,False,False,4,,,0.1
2023-03-18,8662de052198e122dd095db4e45c47457da7b232,2023-03-18,content-at-commit,godot,642a24306b30,initial,,,,,True,ff7a27da090e931311486f0adb96a7b36c2f871c,2D/damped_oscillator/project.godot,MrEliptik/godot_experiments,version_events,[2D/damped_oscillator],False,False,False,5,4.0,2023-03-01,0.1
2023-04-17,c26769f407c74fb2d41ab205e637b2a4a9e58ec8,2023-04-17,content-at-commit,godot,642a24306b30,initial,,,,,True,2d217ce039315e4b617a15829ff04048bd1b2b7d,2D/juicy_bouncy_ball/project.godot,MrEliptik/godot_experiments,version_events,[2D/juicy_bouncy_ball] initial commit,False,False,False,5,4.0,2023-03-01,0.1
2023-06-30,265511d8de06090f87695a0ffddfac9b45c17d0f,2023-06-30,content-at-commit,godot,642a24306b30,initial,,,,,True,0f0f3dca5f0377d46c7d6b9fc7322b772e7f92e5,2D/polygon_tools/project.godot,MrEliptik/godot_experiments,version_events,[2D/polygon_tools] initial commit,False,False,False,5,4.1,2023-07-06,0.1
2024-12-01,4baec7290110ec2e0241daa3739154d5b14c8b59,2024-12-01,content-at-commit,godot,642a24306b30,initial,,,,,True,0d328037e4ca55ab3fc1433c6ed371b75c348437,2D/animated_grappling_hook_line/project.godot,MrEliptik/godot_experiments,version_events,grappling hook line wip,False,False,False,5,4.3,2024-08-15,0.1
2018-03-17,622b323d3555ceecd3eb45eec8058837eb342848,2018-03-17,content-at-commit,godot,642a24306b30,initial,,,,,True,2a6d36c42da949d2d43d86bb5c65675e2200c6a6,project.godot,steincodes/godot-shader-tutorials,version_events,Added Shader-Tutorial Project,False,False,False,3,,,0.1
2019-04-27,faa57d171062112b2cecf8395642b0e652d9268a,2019-04-27,content-at-commit,godot,642a24306b30,major_migration,3,,,,False,a1c9a99f016f09e226736398acb3e22a80c23194,project.godot,steincodes/godot-shader-tutorials,version_events,Updating Transition Shader,False,False,False,4,,,0.1
2017-10-10,8873a6c7258451100966a9b3f1435215048bcfba,2017-10-10,content-at-commit,godot,642a24306b30,initial,,,,,True,b4291b1c2f937165059decbef34e136aa558c94d,Godot-Hour5/project.godot,vnen/Godot-24-Hours,version_events,Adds hour5 space shooter project (without exercises solutions),False,False,False,3,,,0.1
2017-10-21,a64625acd0f44b27b85a7f8b2ab58c87ec3f9317,2017-10-21,content-at-commit,godot,642a24306b30,initial,,,,,True,8873a6c7258451100966a9b3f1435215048bcfba,Godot-Hour5/finished-project-with-exercises/project.godot,vnen/Godot-24-Hours,version_events,Hour5: Adds finished project with and without exercise solutions. Adds game assets.,False,False,False,3,,,0.1
2017-10-21,a64625acd0f44b27b85a7f8b2ab58c87ec3f9317,2017-10-21,content-at-commit,godot,642a24306b30,initial,,,,,True,8873a6c7258451100966a9b3f1435215048bcfba,Godot-Hour5/finished-project/project.godot,vnen/Godot-24-Hours,version_events,Hour5: Adds finished project with and without exercise solutions. Adds game assets.,False,False,False,3,,,0.1
2017-10-31,765b5f37bb4d0568986504db0d21348f69eb35f2,2017-10-31,content-at-commit,godot,642a24306b30,initial,,,,,True,edbcc747ab93aaf17018bb657cada678d2e44b54,Godot-Hour17/game-project/project.godot,vnen/Godot-24-Hours,version_events,Add game project for hour 17,False,False,False,3,,,0.1
2017-11-12,b0f053c3bba7995d5a15b492c6b3b57c3b0dbe46,2017-11-12,content-at-commit,godot,642a24306b30,initial,,,,,True,765b5f37bb4d0568986504db0d21348f69eb35f2,Godot-Hour1/my-first-project/project.godot,vnen/Godot-24-Hours,version_events,Add Hour 1 project,False,False,False,3,,,0.1
2017-11-12,bd7900e87cc2243b34c6427caceeea2ae2b8b224,2017-12-01,content-at-commit,godot,642a24306b30,initial,,,,,True,ffe54fa98ef9904cf81b8535c2178c033aa15ea7,Godot-Hour2/instancing/project.godot,vnen/Godot-24-Hours,version_events,Add Hour 2 Instancing project,False,False,False,3,,,0.1
2017-11-30,c3faf4ab2ab04b4a07ee04765746c80f1aa0c6e5,2017-11-30,content-at-commit,godot,642a24306b30,initial,,,,,True,b0f053c3bba7995d5a15b492c6b3b57c3b0dbe46,Godot-Hour23/game-project/project.godot,vnen/Godot-24-Hours,version_events,Add Hour 23,False,False,False,3,,,0.1
2017-11-30,a1fb7766e2f1af01046b5d5a9209c34275ea29d4,2017-12-01,content-at-commit,godot,642a24306b30,initial,,,,,True,bd7900e87cc2243b34c6427caceeea2ae2b8b224,Godot-Hour3/draw-order/project.godot,vnen/Godot-24-Hours,version_events,Add Hour 3 sample,False,False,False,3,,,0.1
2017-11-30,a1fb7766e2f1af01046b5d5a9209c34275ea29d4,2017-12-01,content-at-commit,godot,642a24306b30,initial,,,,,True,bd7900e87cc2243b34c6427caceeea2ae2b8b224,Godot-Hour3/parallax-background/project.godot,vnen/Godot-24-Hours,version_events,Add Hour 3 sample,False,False,False,3,,,0.1
2017-11-30,a1fb7766e2f1af01046b5d5a9209c34275ea29d4,2017-12-01,content-at-commit,godot,642a24306b30,initial,,,,,True,bd7900e87cc2243b34c6427caceeea2ae2b8b224,Godot-Hour3/tileset/project.godot,vnen/Godot-24-Hours,version_events,Add Hour 3 sample,False,False,False,3,,,0.1
2017-12-01,107b6e657ada95296b3ca8d57d34caff36dc823b,2017-12-01,content-at-commit,godot,642a24306b30,initial,,,,,True,b6d17dcb3715fbd3dcfe6ba206ac24010ec5e2a8,Godot-Hour15/simple-vertex-shader/project.godot,vnen/Godot-24-Hours,version_events,Add Hours 12 and 15 samples,False,False,False,3,,,0.1
2017-12-01,b6d17dcb3715fbd3dcfe6ba206ac24010ec5e2a8,2017-12-01,content-at-commit,godot,642a24306b30,initial,,,,,True,a1fb7766e2f1af01046b5d5a9209c34275ea29d4,Godot-Hour8/polygon-shape/project.godot,vnen/Godot-24-Hours,version_events,Add Hour 8 samples,False,False,False,3,,,0.1
2017-12-01,b6d17dcb3715fbd3dcfe6ba206ac24010ec5e2a8,2017-12-01,content-at-commit,godot,642a24306b30,initial,,,,,True,a1fb7766e2f1af01046b5d5a9209c34275ea29d4,Godot-Hour8/rigidbody-stack/project.godot,vnen/Godot-24-Hours,version_events,Add Hour 8 samples,False,False,False,3,,,0.1
2017-12-01,b6d17dcb3715fbd3dcfe6ba206ac24010ec5e2a8,2017-12-01,content-at-commit,godot,642a24306b30,initial,,,,,True,a1fb7766e2f1af01046b5d5a9209c34275ea29d4,Godot-Hour8/simple-path-finding/project.godot,vnen/Godot-24-Hours,version_events,Add Hour 8 samples,False,False,False,3,,,0.1
2017-12-02,abced5e7bf126ff685d67c74bf01e14c0d565ae1,2017-12-02,content-at-commit,godot,642a24306b30,initial,,,,,True,b6d17dcb3715fbd3dcfe6ba206ac24010ec5e2a8,Hour10-Animation/project.godot,vnen/Godot-24-Hours,version_events,"Added hour 10, 13, and 20",False,False,False,3,,,0.1
2017-12-02,abced5e7bf126ff685d67c74bf01e14c0d565ae1,2017-12-02,content-at-commit,godot,642a24306b30,initial,,,,,True,b6d17dcb3715fbd3dcfe6ba206ac24010ec5e2a8,Hour13-3DGraphics/project.godot,vnen/Godot-24-Hours,version_events,"Added hour 10, 13, and 20",False,False,False,3,,,0.1
2017-12-04,5746fab2d642bdd3eb52fedeb2f087f455332f3c,2017-12-04,content-at-commit,godot,642a24306b30,initial,,,,,True,33f6402a0f53b371fc3ce0d7f9f9c77aa4bdd81a,Godot-Hour10/project.godot,vnen/Godot-24-Hours,version_events,"Move chapters 10, 13, and 20 to normalize name",False,False,False,3,,,0.1
2017-12-04,5746fab2d642bdd3eb52fedeb2f087f455332f3c,2017-12-04,content-at-commit,godot,642a24306b30,initial,,,,,True,33f6402a0f53b371fc3ce0d7f9f9c77aa4bdd81a,Godot-Hour13/project.godot,vnen/Godot-24-Hours,version_events,"Move chapters 10, 13, and 20 to normalize name",False,False,False,3,,,0.1
2017-12-04,033886369e849d114d9ae6290b24bb8be1eab0d2,2017-12-04,content-at-commit,godot,642a24306b30,initial,,,,,True,107b6e657ada95296b3ca8d57d34caff36dc823b,Godot-Hour16/directional-lighting/project.godot,vnen/Godot-24-Hours,version_events,Add Hour 16 exercise,False,False,False,3,,,0.1
2017-12-04,eb1796040ae1a8e0bfb49ea4892c56f47e2fe91a,2017-12-04,content-at-commit,godot,642a24306b30,initial,,,,,True,033886369e849d114d9ae6290b24bb8be1eab0d2,Godot-Hour18/probes/project.godot,vnen/Godot-24-Hours,version_events,Add samples for Hour 18 and Hour 19,False,False,False,3,,,0.1
2017-12-04,eb1796040ae1a8e0bfb49ea4892c56f47e2fe91a,2017-12-04,content-at-commit,godot,642a24306b30,initial,,,,,True,033886369e849d114d9ae6290b24bb8be1eab0d2,Godot-Hour19/animating-stream-player/project.godot,vnen/Godot-24-Hours,version_events,Add samples for Hour 18 and Hour 19,False,False,False,3,,,0.1
2017-12-04,eb1796040ae1a8e0bfb49ea4892c56f47e2fe91a,2017-12-04,content-at-commit,godot,642a24306b30,initial,,,,,True,033886369e849d114d9ae6290b24bb8be1eab0d2,Godot-Hour19/playing-audio/project.godot,vnen/Godot-24-Hours,version_events,Add samples for Hour 18 and Hour 19,False,False,False,3,,,0.1
2019-10-02,cf7c17d505046531096c638aba87e4afb9700571,2019-10-02,content-at-commit,godot,642a24306b30,initial,,,,,True,e25ff1f892e90b448c50046eb856c19c20539cb2,project.godot,andrew-wilkes/godot-behaviour-tree,version_events,Added code files.,False,False,False,4,,,0.1
2023-12-10,5b54d6157cdabc8c251f77fa7586fb7764967af7,2023-12-10,content-at-commit,godot,642a24306b30,major_migration,4,,,,True,3916bb052195b88c2638e7e014833f20f6e71c3e,project.godot,andrew-wilkes/godot-behaviour-tree,version_events,Upgrade to Godot 4.2,True,True,True,5,4.2,2023-11-30,0.1
2018-08-19,71f3e590b7f5e860d149622ceb989fb2212fe0d3,2018-08-19,content-at-commit,godot,642a24306b30,initial,,,,,True,6975c8d383a58e39c446f88ddb03ca1934dbf842,HelloGoDot/project.godot,jnes92/udemy-games-godot,version_events,[01] 05: HelloGoDot project with a first script,True,False,False,3,,,0.1
2018-08-19,11b534f9e50bafcfba45a362387e10b60a2339d0,2018-08-19,content-at-commit,godot,642a24306b30,initial,,,,,True,71f3e590b7f5e860d149622ceb989fb2212fe0d3,Loony_Lips/project.godot,jnes92/udemy-games-godot,version_events,[02] 08: Initialized LoonyLips project,False,False,False,3,,,0.1
2018-08-23,aa410291ad69ce85fcec837d620b4096affadfde,2018-08-23,content-at-commit,godot,642a24306b30,initial,,,,,True,746aa739d2b55478bad5c34451a39370f79bfc0f,2_Hoppy_Days/project.godot,jnes92/udemy-games-godot,version_events,[03] Initialized GoDot Project and imported Assets,True,False,False,3,,,0.1
2019-01-05,e6a7c94613af21bd410320d9d97bd1c5117a4e4a,2019-01-05,content-at-commit,godot,642a24306b30,initial,,,,,False,7f838e668e659cf258125362b49f78a455dbb4a6,3_Heist_Meisters/project.godot,jnes92/udemy-games-godot,version_events,[04] 44: Project Setup and importing assets,False,False,False,3,,,0.1
2019-04-07,24f10d9c11e6d8e33ef213f5aab9870efc512095,2019-04-07,content-at-commit,godot,642a24306b30,major_migration,3,,,,False,055509a01e846c150bca3265f139168f599ff527,3_Heist_Meisters/project.godot,jnes92/udemy-games-godot,version_events,Godot 3.1 Updated project files,True,False,True,4,,,0.1
2022-05-14,b354c118aaf60afed21a4b7f33e3c618f5a0dc7a,2022-05-14,content-at-commit,godot,642a24306b30,initial,,,,,True,,project.godot,crsolver/goduz,version_events,initial commit,False,False,False,5,4.0,2023-03-01,0.1
2020-01-17,125865c632e5c5932983401bec960521280e0f5f,2020-01-17,content-at-commit,godot,642a24306b30,initial,,,,,True,48e8ae459c670435f11e562ec34cfca0dde703af,project.godot,DeybisMelendez/godot-template,version_events,godot template 3.1.2,True,False,True,4,,,0.1
2024-01-09,8d172ac26b35ba41839923e7e846d8a9e72707a8,2024-01-09,content-at-commit,godot,642a24306b30,major_migration,4,,,,True,8b0a09c8a1f505064627f5188811957b57a32d40,project.godot,DeybisMelendez/godot-template,version_events,actualizado a la nueva versión 4.2.1,False,False,True,5,4.2,2023-11-30,0.1
2021-12-04,f7db8f1c17b0ff77bf7c0ab44bf83c62ebf0fdb1,2021-12-04,content-at-commit,godot,642a24306b30,initial,,,,,True,3a8c778098b517897f5734e0a8fb4ca952ed8eb6,project.godot,msub2/godot-webxr-template,version_events,Working WebXR template for 3.4,False,False,True,4,,,0.1
2023-03-21,3ed3f697b2b82eeba3ce7d03b9a4f3905ccf7b46,2023-03-21,content-at-commit,godot,642a24306b30,major_migration,4,,,,True,f7db8f1c17b0ff77bf7c0ab44bf83c62ebf0fdb1,project.godot,msub2/godot-webxr-template,version_events,Update template for 4.0,False,False,True,5,4.0,2023-03-01,0.1
2023-09-17,da398423a8978cd0721297bccf931015dbb7b889,2023-09-17,content-at-commit,godot,642a24306b30,minor_upgrade,5,4.0,1,0,True,3ed3f697b2b82eeba3ce7d03b9a4f3905ccf7b46,project.godot,msub2/godot-webxr-template,version_events,Fix missing polyfills and add default sky on camera,False,False,False,5,4.1,2023-07-06,0.1
2018-11-04,e398c243da62fa5d1f066a03df8b2ed1ac794a74,2018-11-04,content-at-commit,godot,642a24306b30,initial,,,,,True,,project.godot,Ertain/Random-Name-Generator,version_events,Initial commit,False,False,False,3,,,0.1
2022-06-19,c44e1429f43e03ad060654b97da2f1e5b2e25b16,2022-06-19,content-at-commit,godot,642a24306b30,initial,,,,,True,,project.godot,Greaby/godot-qrcode-generator,version_events,first commit,False,False,False,4,,,0.1
2023-09-27,8e847e59021ec130e7c9c52117a5cbecc1b4a121,2023-09-27,content-at-commit,godot,642a24306b30,major_migration,4,,,,True,2cffee03d4493902b746b754eca7ce15bde5313c,project.godot,Greaby/godot-qrcode-generator,version_events,convert to godot 4,True,True,True,5,4.1,2023-07-06,0.1
2021-05-09,dbca1a0eaab0bae56666e205ac3f1f5520236076,2021-05-09,content-at-commit,godot,642a24306b30,initial,,,,,True,,project.godot,brodcoli/Godot-Small-FPS,version_events,Initial commit,False,False,False,4,,,0.1
2026-02-23,5a2102468f0c8b543fc38daa57231af724c1f883,2026-02-23,content-at-commit,godot,642a24306b30,major_migration,4,,,,True,17e481c4ba752f999ffa78c9bcff89f178ab8233,project.godot,brodcoli/Godot-Small-FPS,version_events,Update to Godot 4.6,True,False,True,5,4.6,2026-01-26,0.1
2022-05-18,104e02d887a57b42658b25bd5bd3edbb8f735d8d,2022-05-18,content-at-commit,godot,642a24306b30,initial,,,,,True,,project.godot,quiver-dev/template-beat-em-up,version_events,initial commit of empty project,False,False,False,5,4.0,2023-03-01,0.1
2020-10-11,8fd3ba60fa2f16380d3c305c58e36f6d53744d0f,2020-10-11,content-at-commit,godot,642a24306b30,initial,,,,,True,,project.godot,Zylann/solar_system_demo,version_events,Added project,False,False,False,4,,,0.1
2021-12-18,757d74bb04c78afd5971b89a4b78a78ae1c01c32,2021-12-18,content-at-commit,godot,642a24306b30,major_migration,4,,,,True,8d8a277bc9bae60199a33ee741394e155145ef61,project.godot,Zylann/solar_system_demo,version_events,"WIP conversion to Godot4. Mannequinny model and animations are problematic, amongst other things",True,False,True,5,4.0,2023-03-01,0.1
2022-07-26,233a50542097db580fff4eb31d189197292729d9,2022-07-26,content-at-commit,godot,642a24306b30,initial,,,,,True,093d1aaee20a60cabe1abe71b27707cd43d74d10,project.godot,GodotVR/godot-xr-tools,version_events,Restructure plugin to include a baseline demo,False,False,False,4,,,0.1
2022-10-10,28b02681fad8d15618682c09d31a6226c218b968,2022-10-10,content-at-commit,godot,642a24306b30,initial,,,,,False,f0731daca06633df8700ffe31110c1b23d81b74c,project.godot,GodotVR/godot-xr-tools,version_events,Added basic port of the demo project. (#197),False,True,False,5,4.0,2023-03-01,0.1
2023-03-04,cc00d1b9678b0d1ffa0685dc212f1e7ecfed15ec,2023-03-04,content-at-commit,godot,642a24306b30,major_migration,4,,,,True,91e4f8c797e5c264c23260fae204c76ee549dd51,project.godot,GodotVR/godot-xr-tools,version_events,XR Tools 3.4.0 port to 4.0.0,False,True,True,5,4.0,2023-03-01,0.1
2023-10-03,8f8535c5fd7481e08b70e3b3286cd5e1e435af8d,2023-10-03,content-at-commit,godot,642a24306b30,minor_upgrade,5,4.0,1,0,True,05ac52797ba43fa93ef90e2375457742a5859f16,project.godot,GodotVR/godot-xr-tools,version_events,Upgrade to Godot 4.1 (#539),True,True,True,5,4.1,2023-07-06,0.1
2024-06-25,5097d07bf75c9aee89994756e19b767dd8f19970,2024-06-25,content-at-commit,godot,642a24306b30,minor_upgrade,5,4.1,1,0,True,3abb821f6f4dede5f5e089fd0e5b3148c904035b,project.godot,GodotVR/godot-xr-tools,version_events,Updating to Godot 4.2 (#645),True,False,True,5,4.2,2023-11-30,0.1
2025-02-07,ecca09c12bafe0c86060290729b4385ecd50a6cf,2025-02-07,content-at-commit,godot,642a24306b30,minor_upgrade,5,4.2,1,0,True,cb8e542fd85accaad3461bd9854f19199a0af2db,project.godot,GodotVR/godot-xr-tools,version_events,Add the CI publish workflow (#705),False,False,False,5,4.3,2024-08-15,0.1
2025-09-26,bb4775da15b156d1d556f592626dda847a548980,2025-09-26,content-at-commit,godot,642a24306b30,minor_upgrade,5,4.3,2,1,True,8823edbbcfe89b3e6c2a809c9407face3dbaa4c6,project.godot,GodotVR/godot-xr-tools,version_events,Upgrade to 4.4 and run Upgrade uids (#709),False,True,True,5,4.4,2025-03-03,0.1
2022-12-11,0ea00a9396ea719815347d180bbc7d41f7f95052,2022-12-11,content-at-commit,godot,02409c2c906f,initial,,,,,True,6d887f4c701e7ac52bd6a38835b1c7b8f12a770f,project.godot,el-falso/aoc-2022,version_events,day 1 done,False,False,False,5,4.0,2023-03-01,0.1
2018-05-12,0b2e79bf15f80bef5ffcfd50e7d9a47263d9ef8d,2018-05-12,content-at-commit,godot,02409c2c906f,initial,,,,,True,,project.godot,BastiaanOlij/godot-sky-asset,version_events,Initial commit,False,False,False,3,,,0.1
2022-10-24,08d5234d578cb9312e71341554e0d87961e6af9f,2022-10-24,content-at-commit,godot,02409c2c906f,initial,,,,,True,,project.godot,erlingpaulsen/godot-physarum,version_events,initial commit,False,False,False,5,4.0,2023-03-01,0.1
2017-12-12,430060abf3ad24a808adfcd4e6ac6d81bab4efc5,2017-12-12,content-at-commit,godot,02409c2c906f,initial,,,,,True,9ef6e8c09c32b646e37c5ef5a972edd714760490,example/project.godot,godot-addons/godot-auth,version_events,Features/patch 1 (#1),False,False,False,3,,,0.1
2022-10-10,eea8fe3069b9bf6d570399729f5834290656e1af,2022-10-10,content-at-commit,godot,02409c2c906f,initial,,,,,True,,project.godot,matjlars/godot-multiplayer-input,version_events,initial commit,False,False,False,5,4.0,2023-03-01,0.1
2023-10-15,1914d971eaa6cdd5e6d831a9c72be876d3bf4d6f,2023-10-15,content-at-commit,godot,02409c2c906f,minor_upgrade,5,4.0,1,0,True,930ae9337b4de347251c5f12c329df46bdf14552,project.godot,matjlars/godot-multiplayer-input,version_events,add MultiplayerInput.set_ui_action_device,False,False,False,5,4.1,2023-07-06,0.1
2024-02-07,cdec8355470808e4957cd58763d577a7acfd9850,2024-02-07,content-at-commit,godot,02409c2c906f,minor_upgrade,5,4.1,1,0,True,3216c2a02aed1615131e5c8b54bfc2a4609d5ad9,project.godot,matjlars/godot-multiplayer-input,version_events,prevent duplicate actions,False,False,False,5,4.2,2023-11-30,0.1
2022-09-25,197cecdc530a41c2fadd27e7766bda7392f8824e,2022-09-25,content-at-commit,godot,02409c2c906f,initial,,,,,False,,project.godot,HexagonNico/CinematicCamera2D,version_events,Initial commit,False,False,False,4,,,0.1
2023-09-06,279fea884f4f6ac251723edff0075857088ca501,2023-09-06,content-at-commit,godot,02409c2c906f,initial,,,,,True,,project.godot,HexagonNico/CinematicCamera2D,version_events,Updated scripts,False,False,False,5,4.1,2023-07-06,0.1
2021-05-27,c3f67ac2e7a0bf30e51f545e5f7450bfd06776b6,2021-05-27,content-at-commit,godot,02409c2c906f,initial,,,,,True,,demo/project.godot,TobiasKozel/VAEG,version_events,init,False,False,False,4,,,0.1
2024-08-18,b0ef45e6aeb036d04559607588653df388588e76,2024-08-18,content-at-commit,godot,02409c2c906f,major_migration,4,,,,True,8fad035e42da7474206803d29deb4dbfbb1dfa36,demo/project.godot,TobiasKozel/VAEG,version_events,Port over to GDExtension Part1,False,True,False,5,4.3,2024-08-15,0.1
2018-08-03,c70becfae12b4891c7f9ce60abf4466ebc39678b,2018-08-03,content-at-commit,godot,02409c2c906f,initial,,,,,True,,Space_Blaster/project.godot,abdullahwaqar/space-blaster,version_events,_ready(),False,False,False,3,,,0.1
2020-07-23,0281e86e3a1ae7f1cedda6ad8263d0449e79e145,2020-07-23,content-at-commit,godot,02409c2c906f,initial,,,,,True,,project.godot,MenacingMecha/godot-psx-style-demo,version_events,Initial commit,False,False,False,4,,,0.1
2023-03-08,ae711f89fe85e920ae645c9299a6a5ec23608efe,2023-03-08,content-at-commit,godot,02409c2c906f,major_migration,4,,,,True,f5c630789d7ff8b2901a6dcb34de29cf9e6c5d59,project.godot,MenacingMecha/godot-psx-style-demo,version_events,Updated asset `*.import` and `project.godot`,False,False,False,5,4.0,2023-03-01,0.1
2022-10-23,78b30df6658310ad9b21bbb82d899d3f26239dcb,2023-04-17,content-at-commit,godot,02409c2c906f,initial,,,,,True,,project.godot,GuilhermeGSousa/game-base-2D,version_events,first commit,False,False,False,5,4.1,2023-07-06,0.1
2024-03-19,985c8f1dd67de9080d1d2d6411ff64501e85b8f2,2024-03-19,content-at-commit,godot,02409c2c906f,minor_upgrade,5,4.1,2,1,True,6dfab1cf5614eec11a50c08b37737a88622bc72f,project.godot,GuilhermeGSousa/game-base-2D,version_events,Add fixes and improvements,False,False,False,5,4.3,2024-08-15,0.1
2021-08-27,47f1a832416a207ad9d8dff620c7b3bf66dcbe05,2021-08-27,content-at-commit,godot,02409c2c906f,initial,,,,,True,d09f11c7ee6b8f278fbddbebd0dca3537ab92015,project.godot,Raccoons-Rise-Up/client-godot,version_events,Initial,False,False,False,4,,,0.1
2023-02-01,7d3d207f925336048e37fc81b7ad83b162863b0f,2023-02-01,content-at-commit,godot,02409c2c906f,major_migration,4,,,,True,db3ba46870b30a7789230819b531b2b122d149e6,project.godot,Raccoons-Rise-Up/client-godot,version_events,update to Godot 4 assets,True,False,True,5,4.0,2023-03-01,0.1
2018-01-22,88b4b437a1747e7755808d4a27d824ac9bda67d8,2018-01-23,content-at-commit,godot,02409c2c906f,initial,,,,,True,,project.godot,Calinou/godot-mlp-models,version_events,Initial commit,False,False,False,3,,,0.1
2021-12-28,4ad01f90627a384bbef8564597787020a3dd4065,2021-12-28,content-at-commit,godot,02409c2c906f,major_migration,3,,,,False,9a02c4029c702e32a9db63649d7fdde412234c56,project.godot,Calinou/godot-mlp-models,version_events,Port to Godot 4.0,True,True,True,5,4.0,2023-03-01,0.1
